Keyword,Intent,Fear Category,Customer Fear,Page Type,Opening Sentence,Primary CTA,Priority Score
dkc relocations,Research,(by intent),I'm afraid of choosing the wrong company and handing my pet over to strangers I can't trust.,Alternative page,Here is how we handle the concerns you read about,See our reviews,70
dkc pet relocation,Research,(by intent),I'm afraid of choosing the wrong company and handing my pet over to strangers I can't trust or verify.,Alternative page,Here is how we handle the concerns you read about,See our reviews,68
dkc relocations dubai,Research,(by intent),I'm afraid of choosing the wrong company and handing my pet over to strangers I can't trust.,Alternative page,Here is how we handle the concerns you read about,See our reviews,68
blue sky pets relocation services,Research,(by intent),I'm afraid of choosing the wrong company and handing my pet over to strangers who don't actually care about her safety,Alternative page,Here is how we handle the concerns you read about,See our reviews,66
blue sky pets relocation,Research,(by intent),I'm afraid of handing my pet over to the wrong company and losing all control of what happens to them,Alternative page,Here is how we handle the concerns you read about,See our reviews,66
pet relocation cost from dubai to india,Commercial,(by intent),I'm afraid that relocation companies will charge an insane amount and I have no way to know if the price is fair.,Trust comparison,Here is what separates a reliable service from a risky one,See how we compare,64
pet relocation dubai costs,Commercial,(by intent),I'm afraid that relocation companies are shamelessly overcharging and I have no way to know if the quote I'm getting is fair.,Trust comparison,Here is what separates a reliable service from a risky one,See how we compare,62
pet relocation from dubai to uk,Commercial,(by intent),I'm afraid that the UK's strict import rules mean one wrong document will get my pet rejected at the border,Trust comparison,Here is what separates a reliable service from a risky one,See how we compare,62
dkc pet,Research,(by intent),I'm afraid of choosing the wrong company and losing control of my pet's welfare to strangers.,Alternative page,Here is how we handle the concerns you read about,See our reviews,60
pet relocation from dubai to usa,Commercial,(by intent),I'm afraid the paperwork and timeline will be so overwhelming that I'll miss my move date and be separated from my pet.,Trust comparison,Here is what separates a reliable service from a risky one,See how we compare,58
pet relocation dubai cost,Commercial,(by intent),I'm afraid that I'm being charged an insane amount and have no way to know if the price is fair,Trust comparison,Here is what separates a reliable service from a risky one,See how we compare,58
Carry my Pet dubai reviews,Research,(by intent),I'm afraid of handing my pet over to the wrong company and losing all control of their welfare to strangers,Alternative page,Here is how we handle the concerns you read about,See our reviews,58
carry my pet dubai photos,Research,(by intent),I'm afraid that the company looks professional online but I'll hand my pet over to strangers and lose all control.,Alternative page,Here is how we handle the concerns you read about,See our reviews,56
pet relocation companies in dubai,Commercial,(by intent),I'm afraid of handing my pet over to the wrong company and having no control over what happens to them,Trust comparison,Here is what separates a reliable service from a risky one,See how we compare,52
uae pet import regulations,Informational,(by intent),"I'm afraid that I'll miss a regulation, get the wrong paperwork, and my pet will be taken at the airport and never given back",Step-by-step guide,Moving your pet to Dubai involves 7 steps — here is each one verified,Download timeline,46.5
pet relocation from dubai,Commercial,(by intent),I'm afraid that I'll choose the wrong company and lose control of my pet's welfare during the whole process,Trust comparison,Here is what separates a reliable service from a risky one,See how we compare,46
dog relocation services dubai,Commercial,(by intent),I'm afraid that I'll hand my dog over to a company that overcharges and doesn't actually care about his welfare,Trust comparison,Here is what separates a reliable service from a risky one,See how we compare,46
pet relocation south africa to dubai,Research,(by intent),I'm afraid that the documents required between South Africa and Dubai are different and nobody here knows what they are,Alternative page,Here is how we handle the concerns you read about,See our reviews,46
pet relocation from uae,Informational,(by intent),I'm afraid that I don't know where to start and every source says something different about what I need to leave the UAE with my pet,Step-by-step guide,Moving your pet to Dubai involves 7 steps — here is each one verified,Download timeline,45
pet relocation from dubai to india,Commercial,(by intent),I'm afraid the paperwork for India is wrong and my pet gets rejected or confiscated at the border.,Trust comparison,Here is what separates a reliable service from a risky one,See how we compare,44
dog relocation dubai,Commercial,(by intent),I'm afraid of choosing the wrong company and handing my dog over to strangers who overcharge and don't care,Trust comparison,Here is what separates a reliable service from a risky one,See how we compare,44
etihad pet travel requirements,Research,(by intent),I'm afraid Etihad will cancel or change my booking last minute and I'll find out only hours before takeoff,Alternative page,Here is how we handle the concerns you read about,See our reviews,44
Dubai pet import requirements,Informational,(by intent),I'm afraid that I'll miss a required document and my pet will be confiscated at the airport and never given back,Step-by-step guide,Moving your pet to Dubai involves 7 steps — here is each one verified,Download timeline,43.5
pet relocation uae cost,Commercial,(by intent),I'm afraid that relocation companies are shamelessly charging an insane amount and I have no way to know if the price is fair.,Trust comparison,Here is what separates a reliable service from a risky one,See how we compare,42
etihad pet travel cost,Research,(by intent),"I'm afraid that after paying so much money, Etihad will take advantage of my desperation and charge insane amounts with terrible service",Alternative page,Here is how we handle the concerns you read about,See our reviews,42
etihad pet travel policy,Research,(by intent),I'm afraid Etihad will cancel or change my booking last minute and I won't get approval until hours before takeoff,Alternative page,Here is how we handle the concerns you read about,See our reviews,42
etihad pet travel review,Research,(by intent),"I'm afraid that Etihad will take my money, give no service, and I won't get approval until hours before takeoff",Alternative page,Here is how we handle the concerns you read about,See our reviews,42
carry my pet uae,Informational,(by intent),I'm afraid that my pet will be rejected from cabin and forced into cargo where they'll suffer alone.,Step-by-step guide,Moving your pet to Dubai involves 7 steps — here is each one verified,Download timeline,40.5
best pet relocation services dubai,Commercial,(by intent),I'm afraid of handing my pet over to the wrong company and being overcharged with no way to know if they actually care,Trust comparison,Here is what separates a reliable service from a risky one,See how we compare,40
Carry my pet Dubai,Informational,(by intent),I'm afraid my pet won't qualify for cabin travel and I'll find out too late to make other arrangements,Step-by-step guide,Moving your pet to Dubai involves 7 steps — here is each one verified,Download timeline,39
dog relocation to india,Commercial,(by intent),I'm afraid the paperwork for India will be wrong and my dog will be held or confiscated at the border.,Trust comparison,Here is what separates a reliable service from a risky one,See how we compare,38
pet relocation from india to uae,Commercial,(by intent),I'm afraid that the documents required from India won't be accepted in UAE and my pet will be confiscated at the airport,Trust comparison,Here is what separates a reliable service from a risky one,See how we compare,38
best pet relocation services abu dhabi,Commercial,(by intent),I'm afraid of handing my pet over to the wrong company in Abu Dhabi and having no way to know if they actually care,Trust comparison,Here is what separates a reliable service from a risky one,See how we compare,38
bring cat to uae,Informational,(by intent),I'm afraid that I'll get to the airport with my cat and find out the paperwork is wrong and she gets taken away.,Step-by-step guide,Moving your pet to Dubai involves 7 steps — here is each one verified,Download timeline,37.5
pet passport uae cost,Commercial,(by intent),I'm afraid that I'll be quoted an insane amount for a simple document and have no way to know if it's fair,Trust comparison,Here is what separates a reliable service from a risky one,See how we compare,36
pet relocation uae to uk,Commercial,(by intent),I'm afraid the timeline to the UK is so long I'll be separated from my pet for months while I've already moved.,Trust comparison,Here is what separates a reliable service from a risky one,See how we compare,36
can i move my dog to dubai,Informational,(by intent),I'm afraid that when I arrive at the airport something will go wrong and my dog will be taken away and never given back,Step-by-step guide,Moving your pet to Dubai involves 7 steps — here is each one verified,Download timeline,34.5
bring cat to dubai,Informational,(by intent),I'm afraid that I'll get the paperwork wrong and my cat will be taken at the airport and never given back,Step-by-step guide,Moving your pet to Dubai involves 7 steps — here is each one verified,Download timeline,34.5
pet transport dubai,Commercial,(by intent),I'm afraid that I'll hand my pet over to the wrong company and lose all control of their welfare,Trust comparison,Here is what separates a reliable service from a risky one,See how we compare,34
pet movers dubai,Commercial,(by intent),I'm afraid of handing my pet over to strangers and choosing the wrong company with no way to check if they're trustworthy,Trust comparison,Here is what separates a reliable service from a risky one,See how we compare,32
bring cat to abu dhabi,Informational,(by intent),I'm afraid that I'll get the paperwork wrong and my cat will be confiscated at the airport and never given back.,Step-by-step guide,Moving your pet to Dubai involves 7 steps — here is each one verified,Download timeline,31.5
how to move a dog to dubai,Informational,(by intent),I'm afraid that I don't know where to start and every source says something different about what's actually required,Step-by-step guide,Moving your pet to Dubai involves 7 steps — here is each one verified,Download timeline,31.5
dog relocation uae,Informational,(by intent),I'm afraid that I'll get the paperwork wrong and my dog will be taken at the airport and never given back,Step-by-step guide,Moving your pet to Dubai involves 7 steps — here is each one verified,Download timeline,30
How much does it cost to fly a dog to Dubai,Commercial,(by intent),I'm afraid that I'm being quoted an insane amount with no way to know if it's fair or if I'm being taken advantage of,Trust comparison,Here is what separates a reliable service from a risky one,See how we compare,30
bring dog to uae,Informational,(by intent),I'm afraid that I'll get the paperwork wrong and my dog will be taken at the airport and never given back.,Step-by-step guide,Moving your pet to Dubai involves 7 steps — here is each one verified,Download timeline,30
UAE pet import,Informational,(by intent),I'm afraid that I'll miss a required step in the UAE import process and my pet will be confiscated at the airport.,Step-by-step guide,Moving your pet to Dubai involves 7 steps — here is each one verified,Download timeline,30
pet relocation service dubai,Commercial,(by intent),I'm afraid that I'll hand my pet over to the wrong company and have no way to know if they actually care,Trust comparison,Here is what separates a reliable service from a risky one,See how we compare,30
uae pet import permit,Informational,(by intent),I'm afraid that I'll start the permit process too late and my dog will be taken at the airport and never given back.,Step-by-step guide,Moving your pet to Dubai involves 7 steps — here is each one verified,Download timeline,30
pet passport dubai cost,Commercial,(by intent),I'm afraid that I'm being charged an insane amount for a pet passport and have no way to know if the price is fair,Trust comparison,Here is what separates a reliable service from a risky one,See how we compare,30
bring dog from india to uae,Informational,(by intent),I'm afraid that the paperwork for India-UAE will be wrong and my dog will be taken at the airport and never given back.,Step-by-step guide,Moving your pet to Dubai involves 7 steps — here is each one verified,Download timeline,28.5
carry my pet india,Informational,(by intent),I'm afraid that the paperwork and requirements for India are so complicated that I'll make a mistake and my pet will be rejected at the border.,Step-by-step guide,Moving your pet to Dubai involves 7 steps — here is each one verified,Download timeline,28.5
uae pet import certificate,Informational,(by intent),I'm afraid that my certificate will be invalid or missing a stamp and my pet will be taken at the airport and never given back.,Step-by-step guide,Moving your pet to Dubai involves 7 steps — here is each one verified,Download timeline,28.5
jetset pets pet relocation dubai,Research,(by intent),I'm afraid of choosing the wrong company and handing my pet over to strangers I can't trust.,Alternative page,Here is how we handle the concerns you read about,See our reviews,28
jetset pets pet relocation dubai photos,Research,(by intent),I'm afraid of choosing the wrong company and handing my pet over to strangers I can't trust,Alternative page,Here is how we handle the concerns you read about,See our reviews,28
cost of pet relocation international,Commercial,(by intent),I'm afraid that relocation companies are shamelessly charging insane amounts and I have no way to know if the price is fair.,Trust comparison,Here is what separates a reliable service from a risky one,See how we compare,28
cat relocation dubai to uk,Commercial,(by intent),I'm afraid the paperwork requirements for UK entry are so complex I'll miss something and my cat gets rejected at the border,Trust comparison,Here is what separates a reliable service from a risky one,See how we compare,28
emirates pet travel policy,Research,(by intent),I'm afraid Emirates will reject my breed or weight class and I'll find out too late to change my plans,Alternative page,Here is how we handle the concerns you read about,See our reviews,28
pet passport dubai price,Commercial,(by intent),I'm afraid that I'm being quoted an insane amount for a pet passport and have no way to know if it's fair,Trust comparison,Here is what separates a reliable service from a risky one,See how we compare,28
pet relocation in dubai,Informational,(by intent),I'm afraid that I don't know where to start and every source says something different about the process.,Step-by-step guide,Moving your pet to Dubai involves 7 steps — here is each one verified,Download timeline,27
can i take my cat to dubai,Informational,(by intent),I'm afraid that cats aren't allowed into Dubai and I'll have no choice but to leave her behind,Step-by-step guide,Moving your pet to Dubai involves 7 steps — here is each one verified,Download timeline,27
how do i move my dog to dubai,Informational,(by intent),"I'm afraid that nobody knows the right answer and every source says something different, so I'll make a mistake that costs my dog everything",Step-by-step guide,Moving your pet to Dubai involves 7 steps — here is each one verified,Download timeline,27
pet relocation dubai to australia,Commercial,(by intent),I'm afraid that the 8-month timeline means I'll be separated from my pet for most of the year,Trust comparison,Here is what separates a reliable service from a risky one,See how we compare,26
pet shipping dubai,Commercial,(by intent),I'm afraid that I'll be quoted an insane amount and have no way to know if the price is fair or if the company can be trusted.,Trust comparison,Here is what separates a reliable service from a risky one,See how we compare,26
blue sky pet relocation dubai reviews,Research,(by intent),"I'm afraid that if I don't read reviews carefully, I'll hand my pet over to the wrong company and lose all control.",Alternative page,Here is how we handle the concerns you read about,See our reviews,26
dubai pet import,Informational,(by intent),I'm afraid that I'll get the wrong paperwork and my pet will be confiscated at the airport and never given back,Step-by-step guide,Moving your pet to Dubai involves 7 steps — here is each one verified,Download timeline,25.5
pet relocation dubai to south africa,Commercial,(by intent),I'm afraid the timeline to South Africa is so long I'll be separated from my pet for months,Trust comparison,Here is what separates a reliable service from a risky one,See how we compare,24
JetSet pets Dubai,Research,(by intent),I'm afraid of choosing the wrong company and handing my pet over to strangers I can't trust.,Alternative page,Here is how we handle the concerns you read about,See our reviews,24
etihad pet travel,Research,(by intent),I'm afraid Etihad will cancel or change my flight last minute and my pet gets refused with no time to fix it,Alternative page,Here is how we handle the concerns you read about,See our reviews,24
bring dog to dubai,Informational,(by intent),I'm afraid that I'll get the paperwork wrong and my dog will be taken at the airport and never given back,Step-by-step guide,Moving your pet to Dubai involves 7 steps — here is each one verified,Download timeline,22.5
jetset pets trading llc,Research,(by intent),I'm afraid of choosing the wrong company and handing my pet over to strangers I can't trust.,Alternative page,Here is how we handle the concerns you read about,See our reviews,22
pet relocation dubai,Commercial,(by intent),"I'm afraid that I'll pick the wrong company, get overcharged, and my pet will suffer because I didn't do enough research",Trust comparison,Here is what separates a reliable service from a risky one,See how we compare,20
blue sky pet relocation dubai,Research,(by intent),I'm afraid of choosing the wrong company and handing my pet over to strangers who don't care about their welfare,Alternative page,Here is how we handle the concerns you read about,See our reviews,20
best pet relocation company dubai,Commercial,(by intent),"I'm afraid that I'll hand my pet over to the wrong company, get overcharged, and have no way to know until it's too late",Trust comparison,Here is what separates a reliable service from a risky one,See how we compare,20
dkc pet relocation dubai,Research,(by intent),I'm afraid of handing my pet over to the wrong company and losing all control of their welfare,Alternative page,Here is how we handle the concerns you read about,See our reviews,20
pet relocation companies dubai,Commercial,(by intent),I'm afraid of handing my pet over to the wrong company and having no control over what happens to her,Trust comparison,Here is what separates a reliable service from a risky one,See how we compare,20
pet transport service dubai,Commercial,(by intent),I'm afraid that I'll hand my pet over to a company that charges insane amounts and doesn't actually care about my pet's welfare,Trust comparison,Here is what separates a reliable service from a risky one,See how we compare,20
how much does it cost to move a cat overseas,Commercial,(by intent),I'm afraid that I'm being quoted an insane amount and have no way to know if the price is fair or if I'm being taken advantage of,Trust comparison,Here is what separates a reliable service from a risky one,See how we compare,20
cat relocation abu dhabi,Commercial,(by intent),I'm afraid that I'll choose the wrong company and hand my cat over to strangers who don't care about her welfare,Trust comparison,Here is what separates a reliable service from a risky one,See how we compare,20
etihad pet travel in cabin,Research,(by intent),I'm afraid Etihad will cancel or switch my flight to one that doesn't accept pets in cabin and I'll find out too late,Alternative page,Here is how we handle the concerns you read about,See our reviews,20
relocation pet dubai,Informational,(by intent),I'm afraid that I don't know where to start and every source says something different about what's actually required.,Step-by-step guide,Moving your pet to Dubai involves 7 steps — here is each one verified,Download timeline,19.5
pet relocation from dubai to australia,Commercial,(by intent),I'm afraid that the 8-month timeline means I'll be separated from my pet for most of the year,Trust comparison,Here is what separates a reliable service from a risky one,See how we compare,18
pet shipping uae,Commercial,(by intent),I'm afraid that relocation companies are shamelessly charging an insane amount and I have no way to know if the price is fair,Trust comparison,Here is what separates a reliable service from a risky one,See how we compare,18
cat relocation uae,Informational,(by intent),I'm afraid that I don't know where to start and every source says something different about what my cat actually needs.,Step-by-step guide,Moving your pet to Dubai involves 7 steps — here is each one verified,Download timeline,18
dubai pet rules,Informational,(by intent),I'm afraid that I'll get the rules wrong and my pet will be taken at the airport and never given back,Step-by-step guide,Moving your pet to Dubai involves 7 steps — here is each one verified,Download timeline,18
how much does it cost to move pets to australia,Commercial,(by intent),I'm afraid that the cost will be insane and I'll be separated from my pet for months while paying ridiculous prices,Trust comparison,Here is what separates a reliable service from a risky one,See how we compare,18
how much does it cost to move a dog to australia,Commercial,(by intent),I'm afraid the cost will be so insane that I'll have no choice but to leave my dog behind,Trust comparison,Here is what separates a reliable service from a risky one,See how we compare,18
pet travel from dubai to india,Informational,(by intent),I'm afraid that I'll get the paperwork wrong and my pet will be rejected at the Indian border and sent back.,Step-by-step guide,Moving your pet to Dubai involves 7 steps — here is each one verified,Download timeline,16.5
cat relocation dubai,Informational,(by intent),I'm afraid that I don't know where to start and every source says something different about what my cat actually needs,Step-by-step guide,Moving your pet to Dubai involves 7 steps — here is each one verified,Download timeline,16.5
how can i bring my dog to dubai,Informational,(by intent),I'm afraid that I don't know where to start and nobody I ask actually knows the answer either,Step-by-step guide,Moving your pet to Dubai involves 7 steps — here is each one verified,Download timeline,16.5
dubai dog import requirements,Informational,(by intent),I'm afraid that I'll get the paperwork wrong and my dog will be taken at the airport and never given back,Step-by-step guide,Moving your pet to Dubai involves 7 steps — here is each one verified,Download timeline,16.5
pet passport uae,Informational,(by intent),I'm afraid that I'll get the wrong paperwork and my pet will be rejected or confiscated at the airport.,Step-by-step guide,Moving your pet to Dubai involves 7 steps — here is each one verified,Download timeline,16.5
pet relocation dubai to india,Commercial,(by intent),I'm afraid the paperwork for India is so complex that one missing document will get my pet rejected at the border,Trust comparison,Here is what separates a reliable service from a risky one,See how we compare,16
pet relocation dubai to india price,Commercial,(by intent),I'm afraid that companies will quote me an insane amount and I have no way to know if the price is fair for Dubai to India.,Trust comparison,Here is what separates a reliable service from a risky one,See how we compare,16
pet transport dubai to india,Commercial,(by intent),I'm afraid that I'll get quoted an insane amount and my pet will still end up stressed and rejected at the border due to wrong paperwork.,Trust comparison,Here is what separates a reliable service from a risky one,See how we compare,16
how much does it cost to move a dog to dubai,Commercial,(by intent),I'm afraid that I'm being quoted a ridiculous price and have no way to know if it's fair or if I'm being taken advantage of,Trust comparison,Here is what separates a reliable service from a risky one,See how we compare,16
how much to move a dog to dubai,Commercial,(by intent),I'm afraid that relocation companies are shamelessly charging an insane amount and I have no way to know if the price is fair.,Trust comparison,Here is what separates a reliable service from a risky one,See how we compare,16
emirates pet relocation,Research,(by intent),I'm afraid that Emirates will reject my breed or weight class and I'll find out too late to make other plans,Alternative page,Here is how we handle the concerns you read about,See our reviews,16
jetset pets trading,Research,(by intent),I'm afraid of handing my pet over to the wrong company and losing control of their welfare to strangers.,Alternative page,Here is how we handle the concerns you read about,See our reviews,16
carry my pet relocation services llc,Research,(by intent),I'm afraid of choosing the wrong company and handing my pet over to strangers who don't actually care about her safety.,Alternative page,Here is how we handle the concerns you read about,See our reviews,16
emirates pet policy,Research,(by intent),I'm afraid Emirates will reject my breed or weight class and I'll find out too late to change my plans,Alternative page,Here is how we handle the concerns you read about,See our reviews,16
is emirates pet friendly,Research,(by intent),I'm afraid Emirates will reject my breed or weight class and I'll find out too late to change my plans.,Alternative page,Here is how we handle the concerns you read about,See our reviews,16
emirates pet restrictions,Research,(by intent),I'm afraid Emirates will reject my breed or weight class and I'll only find out too late to change my plans,Alternative page,Here is how we handle the concerns you read about,See our reviews,16
pet travel from dubai to uk,Informational,(by intent),I'm afraid that the UK's strict import requirements mean I'll get the paperwork wrong and my pet gets rejected at the border.,Step-by-step guide,Moving your pet to Dubai involves 7 steps — here is each one verified,Download timeline,15
bringing dog to dubai from uk,Informational,(by intent),I'm afraid that I'll get the paperwork wrong and my dog will be taken at the airport and never given back,Step-by-step guide,Moving your pet to Dubai involves 7 steps — here is each one verified,Download timeline,15
can i take my dog to dubai,Informational,(by intent),I'm afraid that dogs aren't allowed into Dubai and I'll have no choice but to leave mine behind,Step-by-step guide,Moving your pet to Dubai involves 7 steps — here is each one verified,Download timeline,15
emergency rescue dubai,Urgency,(by intent),I'm afraid it's already too late and no company can move fast enough to save my pet's situation,Action page,You have [X weeks] — here is exactly what to do now,WhatsApp us now,15
pet relocation dubai to uk,Commercial,(by intent),I'm afraid the paperwork and timeline for UK import will be so complicated that my pet gets delayed or rejected at the border,Trust comparison,Here is what separates a reliable service from a risky one,See how we compare,14
emirates pet embargo,Research,(by intent),I'm afraid Emirates will announce an embargo last minute and I'll have no time to rebook my pet on another flight,Alternative page,Here is how we handle the concerns you read about,See our reviews,14
etihad pet policy,Research,(by intent),I'm afraid Etihad will cancel or change my booking last minute and I won't get approval until hours before takeoff,Alternative page,Here is how we handle the concerns you read about,See our reviews,14
etihad airlines pet policy,Research,(by intent),I'm afraid Etihad will cancel or change my booking last minute and I won't get approval until hours before takeoff,Alternative page,Here is how we handle the concerns you read about,See our reviews,14
does etihad allow pets in cabin,Research,(by intent),I'm afraid Etihad will cancel or swap my flight last minute and my pet won't be allowed on the replacement aircraft,Alternative page,Here is how we handle the concerns you read about,See our reviews,14
are pets allowed in dubai taxi,Informational,(by intent),I'm afraid that I'll get to the airport with my pet and have no way to get to my destination without a car.,Step-by-step guide,Moving your pet to Dubai involves 7 steps — here is each one verified,Download timeline,13.5
can i bring cat to dubai,Informational,(by intent),I'm afraid that cats aren't allowed into Dubai and I'll have no choice but to leave mine behind,Step-by-step guide,Moving your pet to Dubai involves 7 steps — here is each one verified,Download timeline,13.5
how to move a dog from uk to dubai,Informational,(by intent),I'm afraid that I don't know where to start and every source says something different about what documents I actually need.,Step-by-step guide,Moving your pet to Dubai involves 7 steps — here is each one verified,Download timeline,13.5
pet import permit uae requirements,Informational,(by intent),I'm afraid that I'll get the wrong paperwork and my pet will be confiscated at the airport and never given back,Step-by-step guide,Moving your pet to Dubai involves 7 steps — here is each one verified,Download timeline,13.5
how to get pet passport in dubai,Informational,(by intent),I'm afraid that I'll get the wrong paperwork and my pet will be rejected at the border because nobody actually knows the real requirements,Step-by-step guide,Moving your pet to Dubai involves 7 steps — here is each one verified,Download timeline,13.5
how to get a pet passport in uae,Informational,(by intent),I'm afraid that I'll get the wrong paperwork and my pet will be rejected at the border because no one actually knows what's required,Step-by-step guide,Moving your pet to Dubai involves 7 steps — here is each one verified,Download timeline,13.5
pet passport dubai,Informational,(by intent),I'm afraid that I'll get the wrong paperwork and my pet will be rejected or confiscated at the airport.,Step-by-step guide,Moving your pet to Dubai involves 7 steps — here is each one verified,Download timeline,13.5
pet delivery dubai,Transactional,(by intent),I'm afraid that the company I hand my pet to doesn't actually care and I'll lose control of what happens to them,Service page,We handle every step so nothing gets rejected,Get a quote today,13
is it safe to fly in flydubai,Fear,Pet safety,I'm afraid my pet will suffer in cargo on flydubai and I'll have no idea if they're okay.,Reassurance page,Your fear is real — here is the verified answer,Talk to an expert,12.5
is fly dubai airlines safe,Fear,Pet safety,I'm afraid my pet will suffer on a budget airline that doesn't have proper care or handling procedures.,Reassurance page,Your fear is real — here is the verified answer,Talk to an expert,12.5
pet relocation dubai to philippines,Commercial,(by intent),I'm afraid the timeline and paperwork for the Philippines will be so complex I'll miss my move date and be separated from my pet.,Trust comparison,Here is what separates a reliable service from a risky one,See how we compare,12
pet relocation dubai reddit,Research,(by intent),I'm afraid that every website says something different and I don't know who to trust except real people who've done it,Alternative page,Here is how we handle the concerns you read about,See our reviews,12
pet relocation dubai to london,Commercial,(by intent),I'm afraid the paperwork and timeline requirements for the UK will be so complex that my pet gets rejected at the border.,Trust comparison,Here is what separates a reliable service from a risky one,See how we compare,12
pet relocation cost from dubai to philippines,Commercial,(by intent),I'm afraid that I'm being quoted an insane amount with no way to know if the price is fair for this route,Trust comparison,Here is what separates a reliable service from a risky one,See how we compare,12
pet relocation services dubai to india,Commercial,(by intent),I'm afraid that I'll pay an insane amount to a company that mishandles the paperwork and my pet gets rejected at the Indian border.,Trust comparison,Here is what separates a reliable service from a risky one,See how we compare,12
pet travel dubai to philippines,Commercial,(by intent),I'm afraid the paperwork for Philippines is so specific that one missing document means my pet gets rejected at the border,Trust comparison,Here is what separates a reliable service from a risky one,See how we compare,12
pet transport dubai to uk,Commercial,(by intent),I'm afraid the paperwork and timeline for the UK route will be so complex that my pet gets rejected or I miss my move date,Trust comparison,Here is what separates a reliable service from a risky one,See how we compare,12
dog relocation dubai to uk,Commercial,(by intent),I'm afraid the paperwork and timeline are so complicated that my dog won't make it out before my move date.,Trust comparison,Here is what separates a reliable service from a risky one,See how we compare,12
cat relocation cost,Commercial,(by intent),I'm afraid that relocation companies are shamelessly overcharging and I have no way to know if the quote I'm getting is fair,Trust comparison,Here is what separates a reliable service from a risky one,See how we compare,12
is fly dubai pet friendly,Research,(by intent),I'm afraid Fly Dubai will reject my pet and I'll find out too late to change my plans,Alternative page,Here is how we handle the concerns you read about,See our reviews,12
pet relocation door to door,Commercial,(by intent),I'm afraid that the company handles the paperwork and airport part but leaves me stranded at the other end with no help.,Trust comparison,Here is what separates a reliable service from a risky one,See how we compare,12
are pets allowed in emirates,Research,(by intent),I'm afraid Emirates will reject my breed or weight and I'll find out too late to change my plans,Alternative page,Here is how we handle the concerns you read about,See our reviews,12
jetset pets pet relocation dubai reviews,Research,(by intent),I'm afraid of handing my pet over to the wrong company and finding out too late they can't be trusted,Alternative page,Here is how we handle the concerns you read about,See our reviews,12
emirates flight pet policy,Research,(by intent),I'm afraid Emirates will reject my breed or weight class and I'll find out too late to change my plans,Alternative page,Here is how we handle the concerns you read about,See our reviews,12
emirates pet policy from india to usa,Research,(by intent),I'm afraid Emirates will reject my breed or weight class and I'll find out too late to change my flight plans.,Alternative page,Here is how we handle the concerns you read about,See our reviews,12
emirates airlines pet policy,Research,(by intent),I'm afraid Emirates will reject my breed or weight class and I'll find out too late to change my plans,Alternative page,Here is how we handle the concerns you read about,See our reviews,12
emirates pets policy,Research,(by intent),I'm afraid that Emirates will reject my breed or weight class and I'll only find out too late to change my plans.,Alternative page,Here is how we handle the concerns you read about,See our reviews,12
uae pet import requirements,Informational,(by intent),I'm afraid that I'll miss a document or step and my pet will be confiscated at the airport and never given back,Step-by-step guide,Moving your pet to Dubai involves 7 steps — here is each one verified,Download timeline,12
pet transport to uae,Informational,(by intent),I'm afraid that I'll get the paperwork wrong and my pet will be confiscated at the airport and never given back.,Step-by-step guide,Moving your pet to Dubai involves 7 steps — here is each one verified,Download timeline,10.5
animal quarantine dubai,Informational,(by intent),I'm afraid that my pet will be taken into quarantine at the airport and I won't get them back.,Step-by-step guide,Moving your pet to Dubai involves 7 steps — here is each one verified,Download timeline,10.5
pet relocation dubai to us,Commercial,(by intent),I'm afraid the timeline to relocate to the US will take months and I'll be separated from my pet the entire time,Trust comparison,Here is what separates a reliable service from a risky one,See how we compare,10
pet relocation dubai to germany,Commercial,(by intent),I'm afraid the paperwork for Germany is so specific that one missing stamp means my pet gets turned away at the border,Trust comparison,Here is what separates a reliable service from a risky one,See how we compare,10
pet travel dubai to uk,Commercial,(by intent),I'm afraid the UK's strict import rules mean one missing document will get my pet rejected at the border.,Trust comparison,Here is what separates a reliable service from a risky one,See how we compare,10
pet taxi dubai price,Commercial,(by intent),I'm afraid that I'm being charged an insane amount for a simple transfer and have no way to know if the price is fair.,Trust comparison,Here is what separates a reliable service from a risky one,See how we compare,10
how much to ship a dog to dubai,Commercial,(by intent),I'm afraid that I'm being quoted an insane amount and have no way to know if the price is fair,Trust comparison,Here is what separates a reliable service from a risky one,See how we compare,10
is it safe to fly from dubai to istanbul,Fear,Pet safety,I'm afraid my pet will suffer in cargo and I won't know if they're okay during the flight.,Reassurance page,Your fear is real — here is the verified answer,Talk to an expert,10
how much does it cost to move a cat to australia,Commercial,(by intent),I'm afraid that the cost will be so insane that I'll have no choice but to leave my cat behind,Trust comparison,Here is what separates a reliable service from a risky one,See how we compare,10
are pets allowed on emirates flights,Research,(by intent),I'm afraid Emirates will reject my breed or weight class and I'll find out too late to change my plans,Alternative page,Here is how we handle the concerns you read about,See our reviews,10
emirates pet price,Commercial,(by intent),I'm afraid that Emirates will charge an insane amount and I'll have no way to know if the price is fair before it's too late to switch airlines.,Trust comparison,Here is what separates a reliable service from a risky one,See how we compare,10
etihad pet travel form,Research,(by intent),I'm afraid that I won't receive approval until hours before takeoff and the flight will go ahead without my pet,Alternative page,Here is how we handle the concerns you read about,See our reviews,10
etihad pet travel cargo,Research,(by intent),"I'm afraid Etihad will take my money, give terrible service, and my pet will suffer in cargo with no one checking on them.",Alternative page,Here is how we handle the concerns you read about,See our reviews,10
etihad pet travel rules,Research,(by intent),I'm afraid Etihad will cancel or change my booking last minute and I won't get approval until hours before takeoff,Alternative page,Here is how we handle the concerns you read about,See our reviews,10
pet relocation to dubai,Informational,(by intent),I'm afraid that I'll get the paperwork wrong and my pet will be confiscated at the airport and never given back,Step-by-step guide,Moving your pet to Dubai involves 7 steps — here is each one verified,Download timeline,9
can i bring my dog to dubai from philippines,Informational,(by intent),I'm afraid that I'll get the paperwork wrong and my dog will be confiscated at Dubai airport and never given back.,Step-by-step guide,Moving your pet to Dubai involves 7 steps — here is each one verified,Download timeline,9
can i bring my dog to dubai from usa,Informational,(by intent),I'm afraid that I'll miss a document or step and my dog will be taken at the airport and never given back.,Step-by-step guide,Moving your pet to Dubai involves 7 steps — here is each one verified,Download timeline,9
can i bring my cat to dubai from uk,Informational,(by intent),I'm afraid that I'll get the paperwork wrong and my cat will be confiscated at Dubai airport and never given back.,Step-by-step guide,Moving your pet to Dubai involves 7 steps — here is each one verified,Download timeline,9
uae import requirements,Informational,(by intent),I'm afraid that I'll miss a required document and my pet will be confiscated at the airport and never given back.,Step-by-step guide,Moving your pet to Dubai involves 7 steps — here is each one verified,Download timeline,9
veterinary quarantine dubai,Informational,(by intent),I'm afraid that my pet will be confiscated at the airport and held in quarantine and never given back to me.,Step-by-step guide,Moving your pet to Dubai involves 7 steps — here is each one verified,Download timeline,9
veterinary quarantine dubai airport,Informational,(by intent),I'm afraid that my dog will be taken at the airport and never given back if my documents aren't perfectly in order.,Step-by-step guide,Moving your pet to Dubai involves 7 steps — here is each one verified,Download timeline,9
pet quarantine dubai,Informational,(by intent),I'm afraid that my pet will be confiscated at the airport and held in quarantine and I'll never get them back.,Step-by-step guide,Moving your pet to Dubai involves 7 steps — here is each one verified,Download timeline,9
pet relocation dubai to saudi,Commercial,(by intent),I'm afraid that missing one document will get my pet confiscated at the Saudi border and never returned to me,Trust comparison,Here is what separates a reliable service from a risky one,See how we compare,8
pet relocation from india to dubai cost,Commercial,(by intent),I'm afraid that I'm being quoted an insane amount and have no way to know if the price from India to Dubai is fair,Trust comparison,Here is what separates a reliable service from a risky one,See how we compare,8
pet relocation service in dubai,Commercial,(by intent),"I'm afraid that I'll choose the wrong company, hand my pet over to strangers, and have no control over what happens next.",Trust comparison,Here is what separates a reliable service from a risky one,See how we compare,8
cat relocation services dubai,Commercial,(by intent),I'm afraid of handing my cat over to the wrong company and losing control of her welfare completely,Trust comparison,Here is what separates a reliable service from a risky one,See how we compare,8
pet relocation companies,Commercial,(by intent),I'm afraid of handing my pet over to the wrong company and losing control of their welfare,Trust comparison,Here is what separates a reliable service from a risky one,See how we compare,8
relocations dkc ae,Research,(by intent),I'm afraid of choosing the wrong company and handing my pet over to strangers who don't care about their welfare,Alternative page,Here is how we handle the concerns you read about,See our reviews,8
emirates pet policy international,Research,(by intent),I'm afraid Emirates will reject my breed or weight class and I'll only find out too late to change my plans,Alternative page,Here is how we handle the concerns you read about,See our reviews,8
emirates pet policy business class,Research,(by intent),I'm afraid Emirates will reject my breed or size in business class and I'll find out too late to rebook.,Alternative page,Here is how we handle the concerns you read about,See our reviews,8
emirates pet policy cat,Research,(by intent),I'm afraid Emirates will reject my cat's breed or weight and I'll find out too late to change my plans,Alternative page,Here is how we handle the concerns you read about,See our reviews,8
etihad dog travel,Research,(by intent),I'm afraid Etihad will cancel or change my flight last minute and my dog gets refused with no time to fix it,Alternative page,Here is how we handle the concerns you read about,See our reviews,8
taking dog to dubai from india,Informational,(by intent),I'm afraid that I'll get the paperwork wrong and my dog will be confiscated at Dubai airport and never given back.,Step-by-step guide,Moving your pet to Dubai involves 7 steps — here is each one verified,Download timeline,7.5
bringing a dog to dubai,Informational,(by intent),I'm afraid that I'll get the paperwork wrong and my dog will be taken at the airport and never given back,Step-by-step guide,Moving your pet to Dubai involves 7 steps — here is each one verified,Download timeline,7.5
can you bring cats to dubai,Informational,(by intent),I'm afraid that cats aren't allowed into Dubai and I'll have no choice but to leave mine behind,Step-by-step guide,Moving your pet to Dubai involves 7 steps — here is each one verified,Download timeline,7.5
how to travel with a dog to dubai,Informational,(by intent),I'm afraid that I'll get the paperwork wrong and my dog will be taken at the airport and never given back,Step-by-step guide,Moving your pet to Dubai involves 7 steps — here is each one verified,Download timeline,7.5
what pets are allowed in dubai,Informational,(by intent),I'm afraid that my pet's breed or species isn't allowed in Dubai and I'll find out too late to make other plans.,Step-by-step guide,Moving your pet to Dubai involves 7 steps — here is each one verified,Download timeline,7.5
pet shop dubai delivery,Transactional,(by intent),I'm afraid that the wrong supplies will arrive too late and my pet won't have what they need when they land.,Service page,We handle every step so nothing gets rejected,Get a quote today,7
how to take dog from dubai to india,Informational,(by intent),I'm afraid that I'll get the paperwork wrong and my dog will be rejected at the border or confiscated at the airport,Step-by-step guide,Moving your pet to Dubai involves 7 steps — here is each one verified,Download timeline,6
pet relocation from uae to india,Commercial,(by intent),I'm afraid the paperwork for India will be rejected at the border and my pet will be confiscated or sent back.,Trust comparison,Here is what separates a reliable service from a risky one,See how we compare,6
how much is transport to dubai,Commercial,(by intent),I'm afraid that I'm being quoted an insane amount and have no way to know if the price is actually fair.,Trust comparison,Here is what separates a reliable service from a risky one,See how we compare,6
bring my dog to dubai,Informational,(by intent),I'm afraid that I don't know where to start and my dog will be rejected at the airport because I did the wrong paperwork,Step-by-step guide,Moving your pet to Dubai involves 7 steps — here is each one verified,Download timeline,6
bringing pets to dubai from belarus,Informational,(by intent),I'm afraid that I'll get the paperwork wrong for Belarus and my pet will be confiscated at Dubai airport.,Step-by-step guide,Moving your pet to Dubai involves 7 steps — here is each one verified,Download timeline,6
can i bring dog to dubai,Informational,(by intent),I'm afraid that dogs aren't allowed into Dubai and I'll have no choice but to leave mine behind,Step-by-step guide,Moving your pet to Dubai involves 7 steps — here is each one verified,Download timeline,6
can i bring my dog to dubai from uk,Informational,(by intent),I'm afraid that I'll get the paperwork wrong and my dog will be taken at the airport and never given back.,Step-by-step guide,Moving your pet to Dubai involves 7 steps — here is each one verified,Download timeline,6
bring pet to dubai,Informational,(by intent),I'm afraid that I don't know where to start and every website says something different about what's actually required.,Step-by-step guide,Moving your pet to Dubai involves 7 steps — here is each one verified,Download timeline,6
bring my cat to dubai,Informational,(by intent),I'm afraid that I don't know where to start and every source says something different about what my cat actually needs.,Step-by-step guide,Moving your pet to Dubai involves 7 steps — here is each one verified,Download timeline,6
bring cat from dubai to uk,Informational,(by intent),I'm afraid that I'll get the paperwork wrong and my cat will be rejected or quarantined at the UK border.,Step-by-step guide,Moving your pet to Dubai involves 7 steps — here is each one verified,Download timeline,6
how to move your dog to dubai,Informational,(by intent),I'm afraid that I don't know where to start and nobody I ask actually knows the right answer,Step-by-step guide,Moving your pet to Dubai involves 7 steps — here is each one verified,Download timeline,6
how to transport dog to dubai,Informational,(by intent),I'm afraid that I don't know where to start and nobody I ask seems to know either,Step-by-step guide,Moving your pet to Dubai involves 7 steps — here is each one verified,Download timeline,6
emirates pet policy in cabin,Research,(by intent),I'm afraid Emirates will reject my breed or weight and I'll find out too late to change my plans,Alternative page,Here is how we handle the concerns you read about,See our reviews,6
emirates pet policy cargo,Research,(by intent),I'm afraid Emirates will reject my breed or weight and I'll be forced to put my dog in cargo with no other option.,Alternative page,Here is how we handle the concerns you read about,See our reviews,6
emirates pet policy price,Research,(by intent),I'm afraid Emirates will charge insane amounts and I'll find out too late that a cheaper option existed,Alternative page,Here is how we handle the concerns you read about,See our reviews,6
emirates dog policy in cabin,Research,(by intent),I'm afraid Emirates will only allow service dogs in cabin and my dog will have no option except cargo,Alternative page,Here is how we handle the concerns you read about,See our reviews,6
does emirates allow pets,Research,(by intent),I'm afraid Emirates will reject my breed or size and I'll find out too late to change my plans,Alternative page,Here is how we handle the concerns you read about,See our reviews,6
emirates pet excess baggage requirements,Research,(by intent),I'm afraid Emirates will reject my pet's weight or breed and I'll find out too late to change my plans,Alternative page,Here is how we handle the concerns you read about,See our reviews,6
etihad pet transport,Research,(by intent),I'm afraid Etihad will cancel or change my flight last minute and my pet gets refused with no backup plan,Alternative page,Here is how we handle the concerns you read about,See our reviews,6
pet import uae,Informational,(by intent),I'm afraid that I'll get the paperwork wrong and my pet will be taken at the airport and never given back.,Step-by-step guide,Moving your pet to Dubai involves 7 steps — here is each one verified,Download timeline,6
dog quarantine in dubai,Informational,(by intent),I'm afraid that my dog will be taken and held somewhere I can't see them and never given back.,Step-by-step guide,Moving your pet to Dubai involves 7 steps — here is each one verified,Download timeline,6
pet taxi dubai to abu dhabi,Transactional,(by intent),I'm afraid that the driver won't know how to handle my pet and something will go wrong on the road.,Service page,We handle every step so nothing gets rejected,Get a quote today,5
pet delivery uae,Transactional,(by intent),I'm afraid that the company I choose will treat my pet like a package and not care if they suffer.,Service page,We handle every step so nothing gets rejected,Get a quote today,5
is it safe to fly to dubai now,Fear,Pet safety,I'm afraid that my pet will suffer in cargo and I won't know if they're okay during the flight.,Reassurance page,Your fear is real — here is the verified answer,Talk to an expert,5
is flydubai safe to travel,Fear,Pet safety,I'm afraid my pet will suffer on flydubai and I won't know if they're okay until it's too late.,Reassurance page,Your fear is real — here is the verified answer,Talk to an expert,5
pet travel dubai,Informational,(by intent),I'm afraid that I don't know where to start and every website says something different about what's actually required.,Step-by-step guide,Moving your pet to Dubai involves 7 steps — here is each one verified,Download timeline,4.5
pet transport in dubai,Informational,(by intent),I'm afraid that I don't know where to start and nobody I ask actually knows the right process either,Step-by-step guide,Moving your pet to Dubai involves 7 steps — here is each one verified,Download timeline,4.5
pet transport uae,Informational,(by intent),I'm afraid that I don't know where to start and every source says something different about how pet transport in UAE actually works.,Step-by-step guide,Moving your pet to Dubai involves 7 steps — here is each one verified,Download timeline,4.5
pet cargo dubai,Informational,(by intent),I'm afraid that my pet will suffer alone in the cargo hold and I won't know if they're okay,Step-by-step guide,Moving your pet to Dubai involves 7 steps — here is each one verified,Download timeline,4.5
cat relocation to dubai,Informational,(by intent),I'm afraid that I'll get the paperwork wrong and my cat will be confiscated at the airport and never given back,Step-by-step guide,Moving your pet to Dubai involves 7 steps — here is each one verified,Download timeline,4.5
is it easy to relocate to dubai,Informational,(by intent),"I'm afraid that the paperwork, tests, and costs will be so overwhelming I won't know where to start",Step-by-step guide,Moving your pet to Dubai involves 7 steps — here is each one verified,Download timeline,4.5
taking your dog to dubai,Informational,(by intent),I'm afraid that I'll miss a document or step and my dog will be taken at the airport and never given back.,Step-by-step guide,Moving your pet to Dubai involves 7 steps — here is each one verified,Download timeline,4.5
can you bring dog to dubai,Informational,(by intent),I'm afraid that dogs aren't allowed into Dubai and I'll have no choice but to leave mine behind,Step-by-step guide,Moving your pet to Dubai involves 7 steps — here is each one verified,Download timeline,4.5
can i bring my dog to dubai,Informational,(by intent),I'm afraid that when I arrive at the airport my dog will be taken away and never given back,Step-by-step guide,Moving your pet to Dubai involves 7 steps — here is each one verified,Download timeline,4.5
taking dogs to dubai from south africa,Informational,(by intent),I'm afraid that the paperwork for South Africa is different and I'll arrive with the wrong documents and my dog gets taken away,Step-by-step guide,Moving your pet to Dubai involves 7 steps — here is each one verified,Download timeline,4.5
taking pets to dubai from uk,Informational,(by intent),I'm afraid that I'll miss a document or step and my pet will be taken at the airport and never given back.,Step-by-step guide,Moving your pet to Dubai involves 7 steps — here is each one verified,Download timeline,4.5
how to bring dog from india to dubai,Informational,(by intent),I'm afraid that I'll get the paperwork wrong and my dog will be confiscated at the airport and never given back,Step-by-step guide,Moving your pet to Dubai involves 7 steps — here is each one verified,Download timeline,4.5
how to bring dog to dubai,Informational,(by intent),I'm afraid that I'll start the wrong process and missing a document means my dog gets taken at the airport.,Step-by-step guide,Moving your pet to Dubai involves 7 steps — here is each one verified,Download timeline,4.5
bring dogs to uae,Informational,(by intent),I'm afraid that I'll get to the airport without the right documents and my dog will be taken away and never given back.,Step-by-step guide,Moving your pet to Dubai involves 7 steps — here is each one verified,Download timeline,4.5
import cat to dubai,Informational,(by intent),I'm afraid that I'll get the paperwork wrong and my cat will be confiscated at the airport and never given back.,Step-by-step guide,Moving your pet to Dubai involves 7 steps — here is each one verified,Download timeline,4.5
take cat to dubai,Informational,(by intent),I'm afraid that I'll miss a required document or step and my cat will be confiscated at Dubai airport.,Step-by-step guide,Moving your pet to Dubai involves 7 steps — here is each one verified,Download timeline,4.5
bringing cat from dubai to australia,Informational,(by intent),I'm afraid the 8-month process means I'll be separated from my cat for most of the year if I don't start now,Step-by-step guide,Moving your pet to Dubai involves 7 steps — here is each one verified,Download timeline,4.5
how to bring cat from dubai to philippines,Informational,(by intent),I'm afraid that the paperwork is so overwhelming I don't know where to start and my cat gets rejected at the border.,Step-by-step guide,Moving your pet to Dubai involves 7 steps — here is each one verified,Download timeline,4.5
can i bring my cat to dubai,Informational,(by intent),I'm afraid that cats aren't allowed into Dubai and I'll have no choice but to leave her behind,Step-by-step guide,Moving your pet to Dubai involves 7 steps — here is each one verified,Download timeline,4.5
how to bring cat to dubai,Informational,(by intent),I'm afraid that I'll miss a document or step and my cat will be confiscated at the airport and never given back.,Step-by-step guide,Moving your pet to Dubai involves 7 steps — here is each one verified,Download timeline,4.5
how to bring your cat to dubai,Informational,(by intent),I'm afraid that I don't know where to start and every source says something different about what's actually required.,Step-by-step guide,Moving your pet to Dubai involves 7 steps — here is each one verified,Download timeline,4.5
UAE pet travel requirements,Informational,(by intent),I'm afraid that I'll miss one required document and my pet will be confiscated at the airport and never given back,Step-by-step guide,Moving your pet to Dubai involves 7 steps — here is each one verified,Download timeline,4.5
how to travel with pet to dubai,Informational,(by intent),I'm afraid that I don't know where to start and every website says something different about what's actually required,Step-by-step guide,Moving your pet to Dubai involves 7 steps — here is each one verified,Download timeline,4.5
dubai import dog,Informational,(by intent),I'm afraid that I'll get the paperwork wrong and my dog will be taken at the airport and never given back.,Step-by-step guide,Moving your pet to Dubai involves 7 steps — here is each one verified,Download timeline,4.5
how to fly a dog to dubai,Informational,(by intent),I'm afraid that I'll miss a document or step and my dog will be taken at the airport and never given back,Step-by-step guide,Moving your pet to Dubai involves 7 steps — here is each one verified,Download timeline,4.5
can you move pets to australia,Informational,(by intent),I'm afraid that Australia's requirements are so strict that moving my pet there is actually impossible.,Step-by-step guide,Moving your pet to Dubai involves 7 steps — here is each one verified,Download timeline,4.5
why are there no dogs in dubai,Informational,(by intent),I'm afraid that Dubai has rules I don't understand yet and my dog might not be allowed at all.,Step-by-step guide,Moving your pet to Dubai involves 7 steps — here is each one verified,Download timeline,4.5
can you have pet dogs in dubai,Informational,(by intent),I'm afraid that dogs aren't actually allowed in Dubai and I'll have no choice but to leave mine behind.,Step-by-step guide,Moving your pet to Dubai involves 7 steps — here is each one verified,Download timeline,4.5
pet import permit dubai,Informational,(by intent),I'm afraid that I'll get the wrong permit or miss a step and my pet will be confiscated at the airport and never given back.,Step-by-step guide,Moving your pet to Dubai involves 7 steps — here is each one verified,Download timeline,4.5
india pet import requirements,Informational,(by intent),I'm afraid that I'll get the paperwork wrong and my pet will be rejected at the Indian border because every source says something different,Step-by-step guide,Moving your pet to Dubai involves 7 steps — here is each one verified,Download timeline,4.5
dog quarantine dubai,Informational,(by intent),I'm afraid that my dog will be taken and held in quarantine and I won't be able to get her back.,Step-by-step guide,Moving your pet to Dubai involves 7 steps — here is each one verified,Download timeline,4.5
what countries require pet quarantine,Informational,(by intent),I'm afraid that my destination requires quarantine and my pet will be locked away for months without me.,Step-by-step guide,Moving your pet to Dubai involves 7 steps — here is each one verified,Download timeline,4.5
dog passport dubai,Informational,(by intent),I'm afraid that I'll get the wrong document and my dog will be taken at the airport and never given back,Step-by-step guide,Moving your pet to Dubai involves 7 steps — here is each one verified,Download timeline,4.5
pet passport number,Informational,(by intent),I'm afraid that my pet's passport number is wrong or missing and my documents will be rejected at the border.,Step-by-step guide,Moving your pet to Dubai involves 7 steps — here is each one verified,Download timeline,4.5
pet travel agency dubai,Commercial,(by intent),I'm afraid of handing my pet over to the wrong agency and losing control of their welfare entirely,Trust comparison,Here is what separates a reliable service from a risky one,See how we compare,4
dubai pet relocation agency uae,Commercial,(by intent),I'm afraid of handing my pet over to the wrong company and losing control of their welfare,Trust comparison,Here is what separates a reliable service from a risky one,See how we compare,4
pet relocation from dubai to canada,Commercial,(by intent),I'm afraid the timeline to Canada is so long I'll be separated from my pet for months after I arrive.,Trust comparison,Here is what separates a reliable service from a risky one,See how we compare,4
pet relocation from dubai to philippines,Commercial,(by intent),I'm afraid the paperwork requirements for Philippines are so unique that one missing document will get my pet rejected at the border.,Trust comparison,Here is what separates a reliable service from a risky one,See how we compare,4
pet relocation services in dubai,Commercial,(by intent),I'm afraid of handing my pet over to the wrong company and having no control over what happens to them,Trust comparison,Here is what separates a reliable service from a risky one,See how we compare,4
pet travel dubai to india,Commercial,(by intent),I'm afraid that missing one document will get my pet rejected at the border and I'll have no backup plan.,Trust comparison,Here is what separates a reliable service from a risky one,See how we compare,4
pet relocation services dubai reddit,Research,(by intent),I'm afraid that every website says something different and I need real people's experiences before I trust any company with my pet,Alternative page,Here is how we handle the concerns you read about,See our reviews,4
pet relocation services dubai reviews,Commercial,(by intent),I'm afraid of handing my pet over to the wrong company and finding out too late they can't be trusted,Trust comparison,Here is what separates a reliable service from a risky one,See how we compare,4
how much is pet transport international,Commercial,(by intent),I'm afraid that relocation companies are shamelessly charging an insane amount and I have no way to know if the price is fair,Trust comparison,Here is what separates a reliable service from a risky one,See how we compare,4
pet transportation dubai,Commercial,(by intent),I'm afraid that I'll hand my pet over to the wrong company and lose control of their welfare entirely,Trust comparison,Here is what separates a reliable service from a risky one,See how we compare,4
pet delivery companies uae,Commercial,(by intent),I'm afraid of handing my pet over to strangers and choosing the wrong company that doesn't actually care.,Trust comparison,Here is what separates a reliable service from a risky one,See how we compare,4
cost to fly dog from dubai to uk,Commercial,(by intent),I'm afraid I'm being quoted an insane amount and have no way to know if the price is fair for this route,Trust comparison,Here is what separates a reliable service from a risky one,See how we compare,4
carrymypet dubai,Research,(by intent),I'm afraid of choosing the wrong company and handing my pet over to strangers I can't trust.,Alternative page,Here is how we handle the concerns you read about,See our reviews,4
emirates dog policy,Research,(by intent),I'm afraid Emirates will reject my breed or weight class and I'll find out too late to make other plans,Alternative page,Here is how we handle the concerns you read about,See our reviews,4
emirates animal policy,Research,(by intent),I'm afraid Emirates will reject my breed or weight class and I'll find out too late to change my plans.,Alternative page,Here is how we handle the concerns you read about,See our reviews,4
emirates dog policy international,Research,(by intent),I'm afraid Emirates will reject my breed or size and I'll find out too late to change my plans.,Alternative page,Here is how we handle the concerns you read about,See our reviews,4
emirates pet import,Research,(by intent),I'm afraid that Emirates will reject my breed or weight class and I'll find out too late to change my plans,Alternative page,Here is how we handle the concerns you read about,See our reviews,4
emirates pet travel rules,Research,(by intent),I'm afraid Emirates will reject my breed or weight class and I'll find out too late to change my plans,Alternative page,Here is how we handle the concerns you read about,See our reviews,4
dog relocation to dubai,Informational,(by intent),I'm afraid that I'll get the paperwork wrong and my dog will be taken at the airport and never given back,Step-by-step guide,Moving your pet to Dubai involves 7 steps — here is each one verified,Download timeline,3
pet taxi dubai,Transactional,(by intent),I'm afraid that the driver won't know how to handle my pet and something will go wrong on the way to the airport,Service page,We handle every step so nothing gets rejected,Get a quote today,3
how to transport pets in india,Informational,(by intent),I'm afraid that every website says something different and I won't know which rules actually apply to my pet's move.,Step-by-step guide,Moving your pet to Dubai involves 7 steps — here is each one verified,Download timeline,3
pet transport to dubai,Informational,(by intent),I'm afraid that I'll get the paperwork wrong and my pet will be confiscated at the airport and never given back,Step-by-step guide,Moving your pet to Dubai involves 7 steps — here is each one verified,Download timeline,3
bring pets to dubai,Informational,(by intent),I'm afraid that I don't know where to start and every website says something different about what's actually required.,Step-by-step guide,Moving your pet to Dubai involves 7 steps — here is each one verified,Download timeline,3
bringing your pet to dubai,Informational,(by intent),I'm afraid that I don't know where to start and every website says something different about what's actually required.,Step-by-step guide,Moving your pet to Dubai involves 7 steps — here is each one verified,Download timeline,3
can you take dogs to dubai from uk,Informational,(by intent),I'm afraid that dogs from the UK aren't allowed into Dubai and I'll have no choice but to leave mine behind,Step-by-step guide,Moving your pet to Dubai involves 7 steps — here is each one verified,Download timeline,3
can we take dogs to dubai from india,Informational,(by intent),I'm afraid that I'll get to the airport and my dog will be taken away because I didn't know the right requirements.,Step-by-step guide,Moving your pet to Dubai involves 7 steps — here is each one verified,Download timeline,3
how to bring dog to uae,Informational,(by intent),I'm afraid that I'll start the process without knowing the steps and my dog will be rejected or taken at the airport,Step-by-step guide,Moving your pet to Dubai involves 7 steps — here is each one verified,Download timeline,3
can you bring pets to dubai,Informational,(by intent),I'm afraid that pets aren't allowed into Dubai and I'll have no choice but to leave mine behind,Step-by-step guide,Moving your pet to Dubai involves 7 steps — here is each one verified,Download timeline,3
can i take dog to dubai,Informational,(by intent),I'm afraid that dogs aren't allowed into Dubai and I'll have no choice but to leave mine behind,Step-by-step guide,Moving your pet to Dubai involves 7 steps — here is each one verified,Download timeline,3
can dogs go to dubai,Informational,(by intent),I'm afraid that dogs aren't allowed into Dubai and I'll have no choice but to leave mine behind,Step-by-step guide,Moving your pet to Dubai involves 7 steps — here is each one verified,Download timeline,3
bring my pet to dubai,Informational,(by intent),I'm afraid that I don't know where to start and nobody I ask seems to know either,Step-by-step guide,Moving your pet to Dubai involves 7 steps — here is each one verified,Download timeline,3
how to bring cat from india to dubai,Informational,(by intent),I'm afraid that I'll get the paperwork wrong and my cat will be confiscated at Dubai airport and never given back.,Step-by-step guide,Moving your pet to Dubai involves 7 steps — here is each one verified,Download timeline,3
can you bring a cat to dubai,Informational,(by intent),I'm afraid that cats aren't allowed into Dubai and I'll have no choice but to leave mine behind,Step-by-step guide,Moving your pet to Dubai involves 7 steps — here is each one verified,Download timeline,3
how to bring my cat to dubai,Informational,(by intent),I'm afraid that I don't know where to start and every source says something different about what papers I need,Step-by-step guide,Moving your pet to Dubai involves 7 steps — here is each one verified,Download timeline,3
how to bring cat to uae,Informational,(by intent),I'm afraid that I don't know where to start and every source says something different about what documents my cat actually needs.,Step-by-step guide,Moving your pet to Dubai involves 7 steps — here is each one verified,Download timeline,3
how much does it cost to bring a cat to dubai,Informational,(by intent),I'm afraid that the cost will be so insane I'll have no way to know if I'm being overcharged or ripped off.,Step-by-step guide,Moving your pet to Dubai involves 7 steps — here is each one verified,Download timeline,3
how to bring a dog to abu dhabi,Informational,(by intent),I'm afraid that I'll start the process without knowing the right steps and my dog gets rejected at the airport,Step-by-step guide,Moving your pet to Dubai involves 7 steps — here is each one verified,Download timeline,3
how to transfer dog ownership in dubai,Informational,(by intent),"I'm afraid that if I get the ownership transfer wrong, my dog won't be legally recognised as mine and will be confiscated at the airport.",Step-by-step guide,Moving your pet to Dubai involves 7 steps — here is each one verified,Download timeline,3
can you move a dog to dubai,Informational,(by intent),I'm afraid that dogs aren't actually allowed into Dubai and I'll have no choice but to leave mine behind.,Step-by-step guide,Moving your pet to Dubai involves 7 steps — here is each one verified,Download timeline,3
importing pets into new zealand,Informational,(by intent),I'm afraid that the New Zealand requirements are so strict and the timeline so long that I'll miss my move date entirely.,Step-by-step guide,Moving your pet to Dubai involves 7 steps — here is each one verified,Download timeline,3
Emergency pet relocation dubai cost,Urgency,(by intent),I'm afraid that emergency pricing means I'm being charged an insane amount with no time to compare or negotiate,Action page,You have [X weeks] — here is exactly what to do now,WhatsApp us now,3
pet relocation uae,Informational,(by intent),I'm afraid that I don't know where to start and every source says something different about what's actually required,Step-by-step guide,Moving your pet to Dubai involves 7 steps — here is each one verified,Download timeline,3
dubai pet policy,Informational,(by intent),I'm afraid that I'll misunderstand Dubai's pet policy and my dog will be confiscated at the airport and never given back.,Step-by-step guide,Moving your pet to Dubai involves 7 steps — here is each one verified,Download timeline,3
dubai aed rate,Informational,(by intent),I'm afraid that hidden fees and currency conversion will make the total cost far higher than the quoted price.,Step-by-step guide,Moving your pet to Dubai involves 7 steps — here is each one verified,Download timeline,3
abu dhabi pet import requirements,Informational,(by intent),I'm afraid that I'll miss a required document or stamp and my pet will be confiscated at the airport and never given back.,Step-by-step guide,Moving your pet to Dubai involves 7 steps — here is each one verified,Download timeline,3
uae pet entry requirements,Informational,(by intent),I'm afraid that I'll miss one requirement and my pet will be taken at the airport and never given back,Step-by-step guide,Moving your pet to Dubai involves 7 steps — here is each one verified,Download timeline,3
uae dog entry requirements,Informational,(by intent),I'm afraid that I'll miss one document and my dog will be taken at the airport and never given back,Step-by-step guide,Moving your pet to Dubai involves 7 steps — here is each one verified,Download timeline,3
uae animal import permit,Informational,(by intent),I'm afraid that I'll miss a required import permit and my dog will be confiscated at the airport and never given back.,Step-by-step guide,Moving your pet to Dubai involves 7 steps — here is each one verified,Download timeline,3
import pet uae,Informational,(by intent),I'm afraid that I'll get the paperwork wrong and my pet will be confiscated at the airport and never given back,Step-by-step guide,Moving your pet to Dubai involves 7 steps — here is each one verified,Download timeline,3
import permit uae pets,Informational,(by intent),I'm afraid that I'll get the wrong permit or miss a step and my pet will be confiscated at the airport and never given back.,Step-by-step guide,Moving your pet to Dubai involves 7 steps — here is each one verified,Download timeline,3
pet passport to dubai,Informational,(by intent),I'm afraid that I'll get the wrong paperwork and my pet will be taken at the airport and never given back,Step-by-step guide,Moving your pet to Dubai involves 7 steps — here is each one verified,Download timeline,3
Are people leaving pets behind in Dubai?,Fear,Pet safety,I'm afraid that leaving my pet behind is becoming normal and I'll have no other choice.,Reassurance page,Your fear is real — here is the verified answer,Talk to an expert,2.5
how safe is it to fly dogs in airplanes,Fear,Pet safety,I'm afraid my dog will suffer and be traumatised in cargo and I won't know if she's okay.,Reassurance page,Your fear is real — here is the verified answer,Talk to an expert,2.5
how safe is it to fly with your dog,Fear,Pet safety,I'm afraid my dog will suffer in the hold and be too stressed and traumatised to recover.,Reassurance page,Your fear is real — here is the verified answer,Talk to an expert,2.5
Is it unsafe for dogs to fly?,Fear,Pet safety,I'm afraid my dog will suffer in cargo and I won't know if she's okay until it's too late.,Reassurance page,Your fear is real — here is the verified answer,Talk to an expert,2.5
Is it safe to fly a dog to dubai from india,Fear,Pet safety,I'm afraid my dog will suffer in cargo and I won't know if she's okay during the flight.,Reassurance page,Your fear is real — here is the verified answer,Talk to an expert,2.5
Is it safe to fly a dog to dubai without,Fear,Rejection at customs,I'm afraid my dog will be confiscated at the airport or suffer in cargo without the right documents.,Prevention guide,Here is how to make sure this never happens to you,Get verified guidance,2.5
Is it safe to fly a dog to dubai during,Fear,Pet safety,I'm afraid my dog will suffer in cargo and I won't know if she's okay during the flight,Reassurance page,Your fear is real — here is the verified answer,Talk to an expert,2.5
Is it safe to fly a dog to dubai from usa,Fear,Pet safety,I'm afraid my dog will suffer in cargo and I won't know if she's okay until we land.,Reassurance page,Your fear is real — here is the verified answer,Talk to an expert,2.5
Where can I leave my dog in Dubai?,Fear,Documentation mistake,I'm afraid that I'll have no choice but to leave my dog behind because I can't sort the paperwork in time.,Process clarity page,This is exactly what you need and when,Download checklist,2.5
pet relocation agency dubai,Commercial,(by intent),I'm afraid that I'll hand my pet over to the wrong company and have no control over what happens to them,Trust comparison,Here is what separates a reliable service from a risky one,See how we compare,2
pet relocation agent dubai,Commercial,(by intent),I'm afraid of handing my pet over to the wrong company and losing all control of what happens to them,Trust comparison,Here is what separates a reliable service from a risky one,See how we compare,2
pet travel agent dubai,Commercial,(by intent),I'm afraid that I'll hand my pet to the wrong company and lose all control over what happens to them,Trust comparison,Here is what separates a reliable service from a risky one,See how we compare,2
best pet relocation dubai,Commercial,(by intent),I'm afraid of handing my pet over to the wrong company and being overcharged with no way to know if they actually care.,Trust comparison,Here is what separates a reliable service from a risky one,See how we compare,2
pet relocation company dubai,Commercial,(by intent),I'm afraid of handing my pet over to the wrong company and having no control over what happens to them,Trust comparison,Here is what separates a reliable service from a risky one,See how we compare,2
pet relocation from dubai to london,Commercial,(by intent),I'm afraid the paperwork for the UK is so complex I'll get it wrong and my pet will be rejected at the border,Trust comparison,Here is what separates a reliable service from a risky one,See how we compare,2
pet relocation services from dubai,Commercial,(by intent),I'm afraid that I'll choose the wrong company and hand my pet over to strangers who overcharge and don't care,Trust comparison,Here is what separates a reliable service from a risky one,See how we compare,2
best pet relocation in dubai,Commercial,(by intent),I'm afraid of handing my pet over to the wrong company and finding out too late they can't be trusted,Trust comparison,Here is what separates a reliable service from a risky one,See how we compare,2
best pet relocation companies in dubai,Commercial,(by intent),I'm afraid that I'll hand my pet over to the wrong company and get charged insane amounts with no real care,Trust comparison,Here is what separates a reliable service from a risky one,See how we compare,2
pet relocation from mumbai to dubai,Commercial,(by intent),I'm afraid that missing one document on the India-Dubai route will get my pet confiscated at the airport and never given back.,Trust comparison,Here is what separates a reliable service from a risky one,See how we compare,2
nine lives pet relocations dubai photos,Research,(by intent),I'm afraid of choosing the wrong company and handing my pet over to strangers I can't verify or trust.,Alternative page,Here is how we handle the concerns you read about,See our reviews,2
nine lives pet relocations dubai reviews,Research,(by intent),I'm afraid of handing my pet over to the wrong company and finding out too late they can't be trusted,Alternative page,Here is how we handle the concerns you read about,See our reviews,2
pet relocation services dubai,Commercial,(by intent),"I'm afraid that I'll choose the wrong company, hand over my pet to strangers, and have no way to know if they actually care.",Trust comparison,Here is what separates a reliable service from a risky one,See how we compare,2
pet travel service dubai,Commercial,(by intent),I'm afraid that I'll hand my pet to a company that charges insane amounts and doesn't actually care about her welfare,Trust comparison,Here is what separates a reliable service from a risky one,See how we compare,2
pet relocation services uk to dubai,Commercial,(by intent),I'm afraid that I'll choose the wrong company and hand my pet over to strangers who don't care about getting it right.,Trust comparison,Here is what separates a reliable service from a risky one,See how we compare,2
How much does it cost to move your pet to Dubai?,Commercial,(by intent),I'm afraid that relocation companies are shamelessly charging insane amounts and I have no way to know if the quote I get is fair,Trust comparison,Here is what separates a reliable service from a risky one,See how we compare,2
How much does it cost to relocate a dog?,Commercial,(by intent),I'm afraid that relocation companies are shamelessly charging insane amounts and I have no way to know if the quote I'm given is fair,Trust comparison,Here is what separates a reliable service from a risky one,See how we compare,2
Pet relocation dubai reviews,Commercial,(by intent),I'm afraid of handing my pet over to the wrong company and finding out too late they can't be trusted,Trust comparison,Here is what separates a reliable service from a risky one,See how we compare,2
How much does it cost to relocate a dog to Dubai?,Commercial,(by intent),I'm afraid that relocation companies are shamelessly charging an insane amount and I have no way to know if the price is fair.,Trust comparison,Here is what separates a reliable service from a risky one,See how we compare,2
How much does Emirates charge for pet travel?,Research,(by intent),I'm afraid that Emirates will charge an insane amount and still deliver a terrible experience with no real pet care.,Alternative page,Here is how we handle the concerns you read about,See our reviews,2
Pet relocation from dubai to india price,Commercial,(by intent),I'm afraid that I'm being quoted an insane amount and have no way to know if the price is fair for this route,Trust comparison,Here is what separates a reliable service from a risky one,See how we compare,2
Pet relocation from dubai to india cost,Commercial,(by intent),I'm afraid that relocation companies are shamelessly charging an insane amount and I have no way to know if the quote is fair.,Trust comparison,Here is what separates a reliable service from a risky one,See how we compare,2
Pet relocation services UAE,Commercial,(by intent),I'm afraid that I'll hand my pet over to the wrong company and have no way to know if they actually care,Trust comparison,Here is what separates a reliable service from a risky one,See how we compare,2
Pet relocation to India,Commercial,(by intent),I'm afraid that the documentation requirements for India are so complex I'll miss something and my pet gets rejected at the border,Trust comparison,Here is what separates a reliable service from a risky one,See how we compare,2
pet taxi dubai app,Research,(by intent),I'm afraid that the app or service I book won't be equipped to handle my pet safely and something goes wrong in transit.,Alternative page,Here is how we handle the concerns you read about,See our reviews,2
pet transport abu dhabi,Commercial,(by intent),I'm afraid that companies in Abu Dhabi will charge insane amounts and I have no way to know if the price is fair,Trust comparison,Here is what separates a reliable service from a risky one,See how we compare,2
pet taxi dubai contact number,Transactional,(by intent),"I'm afraid that I'll call and find out they don't handle the documents, just the transport, and I'll still be stuck.",Service page,We handle every step so nothing gets rejected,Get a quote today,2
pet taxi dubai reddit,Research,(by intent),I'm afraid of handing my pet to a stranger with no way to verify if they're trustworthy or safe.,Alternative page,Here is how we handle the concerns you read about,See our reviews,2
pet taxi service dubai,Commercial,(by intent),I'm afraid that handing my pet to a stranger in an unmarked vehicle means I'll lose all control of what happens to them.,Trust comparison,Here is what separates a reliable service from a risky one,See how we compare,2
Does Emirates transport pets?,Research,(by intent),I'm afraid Emirates will reject my breed or size and I'll find out too late to make other arrangements,Alternative page,Here is how we handle the concerns you read about,See our reviews,2
Pet transport dubai price,Commercial,(by intent),I'm afraid that I'm being quoted an insane amount and have no way to know if the price is fair or if I'm being taken advantage of,Trust comparison,Here is what separates a reliable service from a risky one,See how we compare,2
Pet transport dubai cost,Commercial,(by intent),I'm afraid that relocation companies are shamelessly charging an insane amount and I have no way to know if the price is fair.,Trust comparison,Here is what separates a reliable service from a risky one,See how we compare,2
Cheapest pet transport dubai,Commercial,(by intent),I'm afraid that the cheapest option will cut corners and my pet will suffer or get rejected at the airport.,Trust comparison,Here is what separates a reliable service from a risky one,See how we compare,2
how much does it cost to ship a cat internationally,Commercial,(by intent),I'm afraid that relocation companies are shamelessly charging an insane amount and I have no way to know if the price is fair.,Trust comparison,Here is what separates a reliable service from a risky one,See how we compare,2
pet courier dubai,Commercial,(by intent),I'm afraid that I'll hand my pet to strangers and lose all control over what happens to them en route.,Trust comparison,Here is what separates a reliable service from a risky one,See how we compare,2
does dhl transport pets,Research,(by intent),I'm afraid that I'll choose the wrong carrier and my pet will be refused or mishandled with no recourse.,Alternative page,Here is how we handle the concerns you read about,See our reviews,2
Pet shipping dubai contact number,Research,(by intent),I'm afraid of choosing the wrong company and handing my pet over to strangers I can't trust or reach when it matters.,Alternative page,Here is how we handle the concerns you read about,See our reviews,2
Pet relocation services Abu Dhabi,Commercial,(by intent),I'm afraid that companies in Abu Dhabi will charge insane amounts and I'll have no way to know if the price is fair,Trust comparison,Here is what separates a reliable service from a risky one,See how we compare,2
Best pet shipping dubai,Commercial,(by intent),I'm afraid of handing my pet over to the wrong company and being overcharged with no way to know if the price is fair,Trust comparison,Here is what separates a reliable service from a risky one,See how we compare,2
great movers gt photos,Research,(by intent),I'm afraid of choosing the wrong company and losing control of my pet's welfare to strangers I can't verify.,Alternative page,Here is how we handle the concerns you read about,See our reviews,2
pet relocations dubai,Commercial,(by intent),I'm afraid that I'll hand my pet to the wrong company and lose all control over their welfare and safety.,Trust comparison,Here is what separates a reliable service from a risky one,See how we compare,2
petvet dubai,Research,(by intent),I'm afraid that the vet I choose won't know the exact export requirements and I'll end up with invalid paperwork at the airport.,Alternative page,Here is how we handle the concerns you read about,See our reviews,2
vet van dubai,Research,(by intent),I'm afraid that no mobile vet in Dubai knows the specific government-stamped paperwork my pet needs to travel.,Alternative page,Here is how we handle the concerns you read about,See our reviews,2
How much does it cost to move a cat to Dubai?,Commercial,(by intent),I'm afraid that I'm being quoted an insane amount and have no way to know if the price is fair or if I'm being taken advantage of,Trust comparison,Here is what separates a reliable service from a risky one,See how we compare,2
How much does it cost to bring a cat on a plane in Emirates?,Commercial,(by intent),I'm afraid that Emirates will charge an insane amount and I'll have no way to know if the price is fair before it's too late to change plans.,Trust comparison,Here is what separates a reliable service from a risky one,See how we compare,2
Cat relocation dubai price,Commercial,(by intent),I'm afraid that I'm being quoted a ridiculous price and have no way to know if it's fair or if I'm being taken advantage of,Trust comparison,Here is what separates a reliable service from a risky one,See how we compare,2
Cat relocation dubai reddit,Research,(by intent),I'm afraid that every website says something different and I can't find anyone who's actually done this successfully.,Alternative page,Here is how we handle the concerns you read about,See our reviews,2
Cat relocation dubai cost,Commercial,(by intent),I'm afraid that relocation companies are shamelessly overcharging and I have no way to know if the quote I'm getting is fair,Trust comparison,Here is what separates a reliable service from a risky one,See how we compare,2
Best cat relocation dubai,Commercial,(by intent),I'm afraid of handing my cat over to the wrong company and having no way to know if they actually care,Trust comparison,Here is what separates a reliable service from a risky one,See how we compare,2
How much to bring a dog to the UAE?,Commercial,(by intent),I'm afraid that I'm being quoted an insane amount with no way to know if the price is fair or if I'm being taken advantage of,Trust comparison,Here is what separates a reliable service from a risky one,See how we compare,2
Do Emirates accept dogs?,Research,(by intent),I'm afraid Emirates will reject my dog's breed or size and I'll find out too late to change my plans,Alternative page,Here is how we handle the concerns you read about,See our reviews,2
How much does it cost to take my cat to Dubai?,Commercial,(by intent),I'm afraid that companies are shamelessly charging insane amounts and I have no way to know if what I'm quoted is fair,Trust comparison,Here is what separates a reliable service from a risky one,See how we compare,2
Emirates pet travel cost,Commercial,(by intent),I'm afraid that Emirates will charge an insane amount and I'll have no way to know if the price is fair.,Trust comparison,Here is what separates a reliable service from a risky one,See how we compare,2
How much does it cost to move a dog to Dubai?,Commercial,(by intent),I'm afraid that I'm being quoted an insane amount and have no way to know if the price is fair or if I'm being taken advantage of,Trust comparison,Here is what separates a reliable service from a risky one,See how we compare,2
Does Emirates allow pets in cargo?,Research,(by intent),I'm afraid Emirates will reject my pet for cargo and I'll find out too late to make other arrangements,Alternative page,Here is how we handle the concerns you read about,See our reviews,2
best pet relocation company in dubai,Commercial,(by intent),I'm afraid of handing my pet over to the wrong company and being overcharged with no guarantee they actually care,Trust comparison,Here is what separates a reliable service from a risky one,See how we compare,2
Best pet relocation company dubai reviews,Commercial,(by intent),I'm afraid of handing my pet over to the wrong company and finding out too late they can't be trusted,Trust comparison,Here is what separates a reliable service from a risky one,See how we compare,2
Best pet relocation company dubai reddit,Research,(by intent),I'm afraid that every company sounds good online but real owners on Reddit know which ones actually failed their pets,Alternative page,Here is how we handle the concerns you read about,See our reviews,2
Pet relocation dubai cost reddit,Research,(by intent),I'm afraid that relocation companies are shamelessly overcharging and I'll only find out after it's too late.,Alternative page,Here is how we handle the concerns you read about,See our reviews,2
Pet relocation dubai cost from india,Commercial,(by intent),I'm afraid that relocation companies are shamelessly overcharging and I have no way to know if the quote I'm getting is fair.,Trust comparison,Here is what separates a reliable service from a risky one,See how we compare,2
Sandy Paws pet relocation,Research,(by intent),I'm afraid of handing my pet over to the wrong company and losing control of their welfare to strangers.,Alternative page,Here is how we handle the concerns you read about,See our reviews,2
how much is it to fly a dog to dubai,Commercial,(by intent),I'm afraid that I'm being quoted an insane amount and have no way to know if the price is fair,Trust comparison,Here is what separates a reliable service from a risky one,See how we compare,2
Is fly Dubai pet friendly?,Research,(by intent),I'm afraid that flydubai will reject my pet at check-in and I'll find out too late to change my booking,Alternative page,Here is how we handle the concerns you read about,See our reviews,2
Which Airlines are pet friendly in UAE?,Research,(by intent),I'm afraid Emirates will reject my breed or weight class and I'll find out too late to change my plans,Alternative page,Here is how we handle the concerns you read about,See our reviews,2
Is it safe to fly a dog to dubai reddit,Research,(by intent),I'm afraid my dog will suffer and be too anxious in cargo and I won't know if she's okay,Alternative page,Here is how we handle the concerns you read about,See our reviews,2
Blue Sky Pet Relocation,Research,(by intent),I'm afraid that I'll hand my pet over to the wrong company and lose all control of their welfare to strangers.,Alternative page,Here is how we handle the concerns you read about,See our reviews,2
How much does it cost to send a cat from Dubai to the UK?,Commercial,(by intent),I'm afraid that I'm being quoted an insane amount and have no way to know if the price is fair or if I'm being taken advantage of,Trust comparison,Here is what separates a reliable service from a risky one,See how we compare,2
How much does it cost to move a dog to the UK?,Commercial,(by intent),I'm afraid I'll be quoted an insane amount with no way to know if the price is fair or I'm being taken advantage of.,Trust comparison,Here is what separates a reliable service from a risky one,See how we compare,2
how much does it cost to transport pets overseas,Commercial,(by intent),I'm afraid that relocation companies are shamelessly charging insane amounts and I have no way to know if the price is fair.,Trust comparison,Here is what separates a reliable service from a risky one,See how we compare,2
How much does it cost to transport a dog in South Africa?,Commercial,(by intent),I'm afraid that I'm being quoted an insane amount with no way to know if the price is fair or if I'm being taken advantage of.,Trust comparison,Here is what separates a reliable service from a risky one,See how we compare,2
How much does it cost to take a dog to South Africa?,Commercial,(by intent),I'm afraid I'm being quoted an insane amount and have no way to know if the price is fair or if I'm being taken advantage of.,Trust comparison,Here is what separates a reliable service from a risky one,See how we compare,2
Pet relocation from dubai to south africa price,Commercial,(by intent),I'm afraid that relocation companies are shamelessly charging an insane amount and I have no way to know if the price is fair,Trust comparison,Here is what separates a reliable service from a risky one,See how we compare,2
Cheapest pet relocation from dubai to south africa,Commercial,(by intent),"I'm afraid that the cheapest option will cut corners on my pet's welfare and documents, and I'll regret it at the border.",Trust comparison,Here is what separates a reliable service from a risky one,See how we compare,2
Pet relocation from dubai to south africa cost,Commercial,(by intent),I'm afraid that companies will charge an insane amount for South Africa and I have no way to know if the price is fair,Trust comparison,Here is what separates a reliable service from a risky one,See how we compare,2
MOCCAE,Research,(by intent),I'm afraid that I'll start the MOCCAE process too late and my certificate won't be ready before my move date.,Alternative page,Here is how we handle the concerns you read about,See our reviews,2
How much does it cost to relocate a dog to Australia?,Commercial,(by intent),I'm afraid that relocation companies will quote me an insane amount and I'll have no way to know if it's fair,Trust comparison,Here is what separates a reliable service from a risky one,See how we compare,2
Pet relocation from dubai to australia reddit,Research,(by intent),I'm afraid that the 8-month timeline to Australia means I'll be separated from my pet for most of the year,Alternative page,Here is how we handle the concerns you read about,See our reviews,2
Pet relocation from dubai to australia price,Commercial,(by intent),I'm afraid the cost will be insane and the 8-month timeline means I'll be separated from my pet for most of the year,Trust comparison,Here is what separates a reliable service from a risky one,See how we compare,2
Pet relocation from dubai to australia cost,Commercial,(by intent),I'm afraid the cost will be insane and the 8-month timeline means I'll be separated from my pet for most of the year,Trust comparison,Here is what separates a reliable service from a risky one,See how we compare,2
Cheapest pet relocation from dubai to australia,Commercial,(by intent),I'm afraid that the cheapest option will cut corners on my pet's care and something terrible will happen in cargo.,Trust comparison,Here is what separates a reliable service from a risky one,See how we compare,2
pet relocation service uae,Commercial,(by intent),I'm afraid of handing my pet over to the wrong company and having no control over what happens to them,Trust comparison,Here is what separates a reliable service from a risky one,See how we compare,2
sky express pet policy,Research,(by intent),I'm afraid Sky Express will reject my breed or weight class and I'll find out too late to change plans.,Alternative page,Here is how we handle the concerns you read about,See our reviews,2
can i buy an extra plane ticket for my dog,Research,(by intent),I'm afraid there's no option for my large dog and cargo is the only choice no matter how much I pay.,Alternative page,Here is how we handle the concerns you read about,See our reviews,2
What is the best pet travel company?,Commercial,(by intent),I'm afraid of handing my pet over to the wrong company and being scammed by strangers who don't care about her welfare,Trust comparison,Here is what separates a reliable service from a risky one,See how we compare,2
Jet pets Dubai,Research,(by intent),I'm afraid of choosing the wrong company and handing my pet over to strangers who don't deliver proper care,Alternative page,Here is how we handle the concerns you read about,See our reviews,2
Snoopy pets Dubai,Research,(by intent),I'm afraid of choosing the wrong company and handing my pet over to strangers I can't trust.,Alternative page,Here is how we handle the concerns you read about,See our reviews,2
private jet to dubai cost,Commercial,(by intent),I'm afraid that the cost will be insane and I'll have no way to know if I'm being overcharged or taken advantage of.,Trust comparison,Here is what separates a reliable service from a risky one,See how we compare,2
jetset pets reviews,Research,(by intent),I'm afraid of choosing the wrong company and handing my pet over to strangers who don't care about her welfare,Alternative page,Here is how we handle the concerns you read about,See our reviews,2
Jetset pets dubai reviews,Research,(by intent),I'm afraid of handing my pet over to the wrong company and losing all control of their welfare to strangers,Alternative page,Here is how we handle the concerns you read about,See our reviews,2
Jetset pets dubai address,Research,(by intent),I'm afraid of choosing the wrong company and handing my pet over to strangers I can't verify or trust.,Alternative page,Here is how we handle the concerns you read about,See our reviews,2
Dkc pet relocation dubai reviews,Research,(by intent),I'm afraid of handing my pet over to the wrong company and losing all control of their welfare to strangers,Alternative page,Here is how we handle the concerns you read about,See our reviews,2
DKC dubai,Research,(by intent),I'm afraid of choosing the wrong company and losing control of my pet's welfare to strangers I can't verify.,Alternative page,Here is how we handle the concerns you read about,See our reviews,2
Carrymypet dubai reviews,Research,(by intent),I'm afraid of handing my pet over to the wrong company and losing all control of their welfare,Alternative page,Here is how we handle the concerns you read about,See our reviews,2
Carrymypet dubai price,Research,(by intent),I'm afraid that Carrymypet will quote me an insane amount and I'll have no way to know if it's fair,Alternative page,Here is how we handle the concerns you read about,See our reviews,2
Carrymypet dubai office,Research,(by intent),I'm afraid of choosing the wrong company and handing my pet over to strangers I can't trust or verify.,Alternative page,Here is how we handle the concerns you read about,See our reviews,2
Carrymypet dubai contact number,Research,(by intent),I'm afraid of choosing the wrong company and losing control of my pet's welfare,Alternative page,Here is how we handle the concerns you read about,See our reviews,2
Carrymypet dubai address,Research,(by intent),I'm afraid of choosing the wrong company and losing control of my pet's welfare,Alternative page,Here is how we handle the concerns you read about,See our reviews,2
Carrymypet dubai phone number,Research,(by intent),I'm afraid of choosing the wrong company and losing control of my pet's welfare,Alternative page,Here is how we handle the concerns you read about,See our reviews,2
emirates pet fee,Research,(by intent),"I'm afraid that after paying so much, Emirates will treat my pet terribly and I'll have no recourse",Alternative page,Here is how we handle the concerns you read about,See our reviews,2
emirates pet rules,Research,(by intent),I'm afraid Emirates will reject my breed or weight class and I'll find out too late to change my travel plans,Alternative page,Here is how we handle the concerns you read about,See our reviews,2
emirates airlines pet policy international,Research,(by intent),I'm afraid Emirates will reject my breed or weight class and I'll only find out too late to change my plans,Alternative page,Here is how we handle the concerns you read about,See our reviews,2
emirates airlines pet travel policy,Research,(by intent),I'm afraid Emirates will reject my breed or weight class and I'll find out too late to change my plans.,Alternative page,Here is how we handle the concerns you read about,See our reviews,2
emirates pet booking,Research,(by intent),I'm afraid Emirates will reject my pet last minute and I won't find out until it's too late to change plans,Alternative page,Here is how we handle the concerns you read about,See our reviews,2
emirates pet policy cabin,Research,(by intent),I'm afraid Emirates will reject my breed or weight and I'll find out too late to change my plans,Alternative page,Here is how we handle the concerns you read about,See our reviews,2
emirates pet cargo charges,Commercial,(by intent),I'm afraid that Emirates will charge me an insane amount and I'll have no way to know if the price is fair before it's too late to switch airlines.,Trust comparison,Here is what separates a reliable service from a risky one,See how we compare,2
emirates pet cargo fee,Research,(by intent),I'm afraid that I'll pay the Emirates cargo fee and still end up with a terrible experience and no support when things go wrong,Alternative page,Here is how we handle the concerns you read about,See our reviews,2
emirates pet cargo prices,Commercial,(by intent),I'm afraid that Emirates will charge an insane amount and I'll have no way to know if the price is fair until it's too late.,Trust comparison,Here is what separates a reliable service from a risky one,See how we compare,2
emirates pet cargo cost,Commercial,(by intent),I'm afraid that Emirates will charge an insane amount and I'll have paid so much money for terrible service with no recourse.,Trust comparison,Here is what separates a reliable service from a risky one,See how we compare,2
emirates pet check in,Research,(by intent),I'm afraid Emirates will reject my pet at check-in and I'll find out too late to make other arrangements,Alternative page,Here is how we handle the concerns you read about,See our reviews,2
emirates pet policy international flights,Research,(by intent),I'm afraid Emirates will reject my breed or weight class and I'll find out too late to change my plans,Alternative page,Here is how we handle the concerns you read about,See our reviews,2
fly emirates pet policy,Research,(by intent),I'm afraid Emirates will reject my breed or weight and I'll find out too late to change my plans,Alternative page,Here is how we handle the concerns you read about,See our reviews,2
emirates pet flight,Research,(by intent),I'm afraid Emirates will reject my breed or weight at check-in and I'll find out too late to change plans,Alternative page,Here is how we handle the concerns you read about,See our reviews,2
pet policy in emirates,Research,(by intent),I'm afraid Emirates will reject my breed or weight and I'll find out too late to change my plans.,Alternative page,Here is how we handle the concerns you read about,See our reviews,2
emirates pet in hold,Research,(by intent),I'm afraid my dog will suffer alone in the hold and I won't know if she's okay until we land,Alternative page,Here is how we handle the concerns you read about,See our reviews,2
emirates pet in cargo,Research,(by intent),I'm afraid my dog will suffer alone in the cargo hold and I won't know if she's okay,Alternative page,Here is how we handle the concerns you read about,See our reviews,2
emirates pet plus,Research,(by intent),I'm afraid Emirates will reject my breed or weight class and I'll find out too late to change my plans.,Alternative page,Here is how we handle the concerns you read about,See our reviews,2
emirates pet carrier,Research,(by intent),I'm afraid Emirates will reject my carrier size or breed and I'll find out too late to change plans,Alternative page,Here is how we handle the concerns you read about,See our reviews,2
emirates pet travel requirements international,Research,(by intent),I'm afraid Emirates will reject my breed or weight class and I'll find out too late to change my plans,Alternative page,Here is how we handle the concerns you read about,See our reviews,2
emirates dog travel policy,Research,(by intent),I'm afraid Emirates will reject my breed or weight class and I'll find out too late to change my plans.,Alternative page,Here is how we handle the concerns you read about,See our reviews,2
emirates pet ticket price,Commercial,(by intent),I'm afraid that Emirates will charge an insane amount and I'll have no way to know if the price is fair.,Trust comparison,Here is what separates a reliable service from a risky one,See how we compare,2
emirates pet tickets,Research,(by intent),I'm afraid Emirates will reject my breed or size and I'll find out too late to change my plans,Alternative page,Here is how we handle the concerns you read about,See our reviews,2
emirates airline dog policy,Research,(by intent),I'm afraid Emirates will reject my breed or weight class and I'll find out too late to change my plans,Alternative page,Here is how we handle the concerns you read about,See our reviews,2
emirates pet excess baggage,Research,(by intent),I'm afraid Emirates will reject my pet as excess baggage and I'll find out too late to make other arrangements,Alternative page,Here is how we handle the concerns you read about,See our reviews,2
Does Emirates allow pets?,Research,(by intent),I'm afraid Emirates will reject my breed or weight class and I'll find out too late to change my plans,Alternative page,Here is how we handle the concerns you read about,See our reviews,2
How much does it cost to fly a pet on Emirates?,Commercial,(by intent),I'm afraid that Emirates will charge an insane amount and I'll find out too late that a cheaper option existed.,Trust comparison,Here is what separates a reliable service from a risky one,See how we compare,2
Which UAE airlines allow pets in-cabin?,Research,(by intent),I'm afraid my breed will be rejected at check-in and I'll find out there's no cabin option for my pet at all.,Alternative page,Here is how we handle the concerns you read about,See our reviews,2
Emirates pet travel requirements,Research,(by intent),I'm afraid that Emirates will reject my breed or weight class and I'll only find out at check-in when it's too late.,Alternative page,Here is how we handle the concerns you read about,See our reviews,2
Emirates pet checked baggage,Research,(by intent),I'm afraid Emirates will reject my pet at check-in and I'll find out too late to make other arrangements,Alternative page,Here is how we handle the concerns you read about,See our reviews,2
Emirates pet cargo contact number,Research,(by intent),I'm afraid that Emirates won't respond in time and I'll find out my pet is rejected just hours before the flight.,Alternative page,Here is how we handle the concerns you read about,See our reviews,2
Emirates pet travel form,Research,(by intent),I'm afraid Emirates will reject my breed or weight class and I'll only find out when it's too late to change plans,Alternative page,Here is how we handle the concerns you read about,See our reviews,2
Emirates pet cargo reviews,Research,(by intent),I'm afraid that Emirates will be a terrible experience and I'll have paid so much money for awful service with no recourse,Alternative page,Here is how we handle the concerns you read about,See our reviews,2
etihad airways pet travel,Research,(by intent),I'm afraid that Etihad will approve my booking too late or cancel and swap to a flight that doesn't accept pets,Alternative page,Here is how we handle the concerns you read about,See our reviews,2
etihad airways pet travel policy,Research,(by intent),I'm afraid Etihad will cancel or change my booking last minute and I won't get approval until hours before takeoff,Alternative page,Here is how we handle the concerns you read about,See our reviews,2
etihad travel with a pet,Research,(by intent),I'm afraid Etihad will cancel or change my flight last minute and my pet gets refused with no time to fix it,Alternative page,Here is how we handle the concerns you read about,See our reviews,2
etihad pet travel cabin,Research,(by intent),I'm afraid Etihad will cancel or change my flight last minute and my pet won't be allowed in cabin after I've already paid,Alternative page,Here is how we handle the concerns you read about,See our reviews,2
etihad travel with pet,Research,(by intent),I'm afraid Etihad will cancel or switch my flight last minute and my pet gets refused with no time to fix it,Alternative page,Here is how we handle the concerns you read about,See our reviews,2
etihad travel with pet in cabin,Research,(by intent),I'm afraid Etihad will cancel or switch my flight last minute and my pet won't be allowed in cabin,Alternative page,Here is how we handle the concerns you read about,See our reviews,2
etihad airways travel with pet,Research,(by intent),I'm afraid that Etihad will cancel or change my flight last minute and my pet gets refused with no time to find another option,Alternative page,Here is how we handle the concerns you read about,See our reviews,2
etihad dog policy,Research,(by intent),I'm afraid Etihad will reject my dog last minute and I'll have no other options available in time,Alternative page,Here is how we handle the concerns you read about,See our reviews,2
Can you fly with pets on Etihad Airways?,Research,(by intent),I'm afraid Etihad will cancel or change my flight last minute and my pet gets refused with no time to fix it,Alternative page,Here is how we handle the concerns you read about,See our reviews,2
Which UAE airlines allow pets in cabin?,Research,(by intent),I'm afraid my breed will be rejected at check-in and I'll find out too late to change my plans,Alternative page,Here is how we handle the concerns you read about,See our reviews,2
How much is the Etihad pet in cabin fee?,Research,(by intent),"I'm afraid that after paying so much, Etihad will be a terrible experience and take advantage of my desperate situation",Alternative page,Here is how we handle the concerns you read about,See our reviews,2
How much does it cost to take a pet on a plane?,Commercial,(by intent),I'm afraid that airlines and relocation companies will charge an insane amount and I'll have no way to know if the price is fair,Trust comparison,Here is what separates a reliable service from a risky one,See how we compare,2
Etihad pet in cabin price,Research,(by intent),"I'm afraid that after paying so much money, Etihad will deliver a terrible experience and take advantage of my desperate circumstances",Alternative page,Here is how we handle the concerns you read about,See our reviews,2
Etihad pet cargo,Research,(by intent),"I'm afraid Etihad will take my money, give no service, and I won't get approval until hours before takeoff",Alternative page,Here is how we handle the concerns you read about,See our reviews,2
Etihad pet travel price,Research,(by intent),"I'm afraid that after paying so much money, Etihad will deliver a terrible experience and take advantage of my desperate circumstances",Alternative page,Here is how we handle the concerns you read about,See our reviews,2
Etihad pet cargo prices,Research,(by intent),"I'm afraid that after paying so much, Etihad will be a terrible experience and squeeze out every dollar without any real care for my pet",Alternative page,Here is how we handle the concerns you read about,See our reviews,2
Etihad pet travel reddit,Research,(by intent),"I'm afraid that Etihad will take my money, give no service, and I'll only find out the truth from Reddit after it's too late",Alternative page,Here is how we handle the concerns you read about,See our reviews,2
Etihad pet travel contact number,Research,(by intent),I'm afraid I'll never get through to Etihad's pet department and receive approval only hours before my flight,Alternative page,Here is how we handle the concerns you read about,See our reviews,2
Pet quarantine dubai price,Commercial,(by intent),I'm afraid that quarantine fees will be shamelessly expensive and I have no way to know if what I'm being quoted is fair,Trust comparison,Here is what separates a reliable service from a risky one,See how we compare,2
How much is the pet fee on Emirates?,Commercial,(by intent),I'm afraid that Emirates will charge an insane amount and I'll find out there are hidden fees I wasn't told about.,Trust comparison,Here is what separates a reliable service from a risky one,See how we compare,2
Cat passport UAE price,Commercial,(by intent),I'm afraid that I'm being quoted an insane amount for a simple document and have no way to know if the price is fair,Trust comparison,Here is what separates a reliable service from a risky one,See how we compare,2
Cat passport price,Commercial,(by intent),I'm afraid that I'm being charged an insane amount for basic paperwork and have no way to know if the price is fair.,Trust comparison,Here is what separates a reliable service from a risky one,See how we compare,2
pet travel from dubai,Informational,(by intent),I'm afraid that I'll miss a critical document or step and my pet will be rejected at the airport before we even leave Dubai.,Step-by-step guide,Moving your pet to Dubai involves 7 steps — here is each one verified,Download timeline,1.5
pet travel from dubai to pakistan,Informational,(by intent),I'm afraid that the paperwork for Pakistan will be wrong and my pet gets rejected or confiscated at the border.,Step-by-step guide,Moving your pet to Dubai involves 7 steps — here is each one verified,Download timeline,1.5
pet travel in dubai,Informational,(by intent),I'm afraid that I don't know where to start and every source says something different about what's actually required in Dubai.,Step-by-step guide,Moving your pet to Dubai involves 7 steps — here is each one verified,Download timeline,1.5
pet travel requirements dubai,Informational,(by intent),I'm afraid that every source says something different and I'll miss a required document and my pet gets rejected at the border,Step-by-step guide,Moving your pet to Dubai involves 7 steps — here is each one verified,Download timeline,1.5
How to transfer pet ownership in Dubai?,Informational,(by intent),"I'm afraid that without the correct ownership transfer paperwork, my pet will be flagged or rejected at the border.",Step-by-step guide,Moving your pet to Dubai involves 7 steps — here is each one verified,Download timeline,1.5
move dog to dubai,Informational,(by intent),I'm afraid that I don't know where to start and my dog will be rejected or taken at the airport because I missed something,Step-by-step guide,Moving your pet to Dubai involves 7 steps — here is each one verified,Download timeline,1.5
can dogs move to dubai,Informational,(by intent),I'm afraid that dogs aren't allowed into Dubai and I'll have no choice but to leave mine behind,Step-by-step guide,Moving your pet to Dubai involves 7 steps — here is each one verified,Download timeline,1.5
How do I relocate my dog?,Informational,(by intent),"I'm afraid that nobody knows the right process and every source says something different, so I'll miss a critical step.",Step-by-step guide,Moving your pet to Dubai involves 7 steps — here is each one verified,Download timeline,1.5
can i take my dog to dubai from india,Informational,(by intent),I'm afraid that I'll arrive at the airport and my dog will be taken away because I didn't know the exact requirements.,Step-by-step guide,Moving your pet to Dubai involves 7 steps — here is each one verified,Download timeline,1.5
relocate pet to india,Informational,(by intent),I'm afraid that each country has unique requirements and I'll miss something that gets my pet rejected at the Indian border.,Step-by-step guide,Moving your pet to Dubai involves 7 steps — here is each one verified,Download timeline,1.5
can i import iphone from dubai to india,Informational,(by intent),I'm afraid that my device will be confiscated at Indian customs and I'll lose both the phone and my money.,Step-by-step guide,Moving your pet to Dubai involves 7 steps — here is each one verified,Download timeline,1.5
How do I take my pet from Dubai to India?,Informational,(by intent),I'm afraid that I'll get the paperwork wrong and my pet will be rejected at the border or confiscated at the airport.,Step-by-step guide,Moving your pet to Dubai involves 7 steps — here is each one verified,Download timeline,1.5
Can I relocate my dog to India?,Informational,(by intent),I'm afraid that India has requirements I don't know about and my dog will be rejected or confiscated at the border.,Step-by-step guide,Moving your pet to Dubai involves 7 steps — here is each one verified,Download timeline,1.5
Is dog relocation legal in India?,Informational,(by intent),I'm afraid that relocating my dog to or from India is restricted and I'll find out too late to make other plans.,Step-by-step guide,Moving your pet to Dubai involves 7 steps — here is each one verified,Download timeline,1.5
how much does it cost to take a dog to dubai,Informational,(by intent),I'm afraid that I'm being charged an insane amount and have no way to know if the price is actually fair.,Step-by-step guide,Moving your pet to Dubai involves 7 steps — here is each one verified,Download timeline,1.5
taxi pet friendly dubai,Informational,(by intent),I'm afraid that my pet will be refused at the last minute and I'll miss a critical airport appointment.,Step-by-step guide,Moving your pet to Dubai involves 7 steps — here is each one verified,Download timeline,1.5
fly dubai pet transport,Informational,(by intent),I'm afraid that Fly Dubai will reject my pet at check-in and I'll find out too late to change plans,Step-by-step guide,Moving your pet to Dubai involves 7 steps — here is each one verified,Download timeline,1.5
Are pets allowed in Careem taxi?,Informational,(by intent),I'm afraid that no taxi will take my pet and I'll have no way to get to the airport on moving day.,Step-by-step guide,Moving your pet to Dubai involves 7 steps — here is each one verified,Download timeline,1.5
How to book a taxi for a dog?,Informational,(by intent),I'm afraid that regular taxis will refuse my dog and I'll have no way to get to the airport on time.,Step-by-step guide,Moving your pet to Dubai involves 7 steps — here is each one verified,Download timeline,1.5
Pet transport dubai airport,Informational,(by intent),I'm afraid that my pet will be taken at the airport and never given back because I have the wrong paperwork.,Step-by-step guide,Moving your pet to Dubai involves 7 steps — here is each one verified,Download timeline,1.5
pet travel to dubai,Informational,(by intent),I'm afraid that I'll miss a document or step and my pet will be confiscated at Dubai airport and never given back,Step-by-step guide,Moving your pet to Dubai involves 7 steps — here is each one verified,Download timeline,1.5
Pet shipping dubai airport,Informational,(by intent),I'm afraid my pet will be taken at the airport and never given back because I have the wrong paperwork,Step-by-step guide,Moving your pet to Dubai involves 7 steps — here is each one verified,Download timeline,1.5
How much does a pet sitter cost in Dubai?,Informational,(by intent),I'm afraid that pet sitters in Dubai charge insane amounts and I have no way to know if the price is fair.,Step-by-step guide,Moving your pet to Dubai involves 7 steps — here is each one verified,Download timeline,1.5
moving cat from dubai to uk,Informational,(by intent),I'm afraid that the UK's strict import rules mean one missing document will get my cat rejected at the border.,Step-by-step guide,Moving your pet to Dubai involves 7 steps — here is each one verified,Download timeline,1.5
moving cat to dubai,Informational,(by intent),I'm afraid that I don't know where to start and every source says something different about what my cat actually needs.,Step-by-step guide,Moving your pet to Dubai involves 7 steps — here is each one verified,Download timeline,1.5
taking a cat to dubai,Informational,(by intent),I'm afraid that I'll get the paperwork wrong and my cat will be confiscated at the airport and never given back.,Step-by-step guide,Moving your pet to Dubai involves 7 steps — here is each one verified,Download timeline,1.5
how much does it cost to move to dubai,Informational,(by intent),"I'm afraid that by the time I find out the real cost, I've already been quoted an insane amount with no way to compare",Step-by-step guide,Moving your pet to Dubai involves 7 steps — here is each one verified,Download timeline,1.5
Where to take stray cats in Dubai?,Informational,(by intent),"I'm afraid that if I don't find the right place quickly, the stray cat will suffer or disappear before I can help.",Step-by-step guide,Moving your pet to Dubai involves 7 steps — here is each one verified,Download timeline,1.5
bring a dog to dubai,Informational,(by intent),I'm afraid that I'll get the paperwork wrong and my dog will be taken at the airport and never given back.,Step-by-step guide,Moving your pet to Dubai involves 7 steps — here is each one verified,Download timeline,1.5
can you bring a dog to dubai,Informational,(by intent),I'm afraid that dogs aren't allowed into Dubai and I'll have no choice but to leave mine behind,Step-by-step guide,Moving your pet to Dubai involves 7 steps — here is each one verified,Download timeline,1.5
can i bring my dog from dubai to australia,Informational,(by intent),I'm afraid that flying my dog to Australia will take 8 months and I'll be separated from her for most of the year,Step-by-step guide,Moving your pet to Dubai involves 7 steps — here is each one verified,Download timeline,1.5
bringing dog into dubai,Informational,(by intent),I'm afraid that I'll get to the airport and my dog will be taken away because I didn't know the right requirements.,Step-by-step guide,Moving your pet to Dubai involves 7 steps — here is each one verified,Download timeline,1.5
how to bring dog in dubai,Informational,(by intent),I'm afraid that I don't know where to start and every source says something different about what documents I actually need.,Step-by-step guide,Moving your pet to Dubai involves 7 steps — here is each one verified,Download timeline,1.5
how do i bring my dog to dubai,Informational,(by intent),I'm afraid that I don't know where to start and nobody I ask actually knows the real answer.,Step-by-step guide,Moving your pet to Dubai involves 7 steps — here is each one verified,Download timeline,1.5
how to bring dog from dubai to philippines,Informational,(by intent),I'm afraid that every website says something different and I won't know which documents are actually required until it's too late.,Step-by-step guide,Moving your pet to Dubai involves 7 steps — here is each one verified,Download timeline,1.5
how to bring my dog to dubai,Informational,(by intent),I'm afraid that I don't know where to start and nobody I ask seems to know either,Step-by-step guide,Moving your pet to Dubai involves 7 steps — here is each one verified,Download timeline,1.5
how to bring your dog to dubai,Informational,(by intent),I'm afraid that I'll get the paperwork wrong and my dog will be confiscated at the airport and never given back.,Step-by-step guide,Moving your pet to Dubai involves 7 steps — here is each one verified,Download timeline,1.5
taking pets to dubai,Informational,(by intent),I'm afraid that I'll get the paperwork wrong and my pet will be confiscated at the airport and never given back,Step-by-step guide,Moving your pet to Dubai involves 7 steps — here is each one verified,Download timeline,1.5
how to bring pets to dubai,Informational,(by intent),I'm afraid that I don't know where to start and nobody I ask actually knows the right process either,Step-by-step guide,Moving your pet to Dubai involves 7 steps — here is each one verified,Download timeline,1.5
how to bring dog from philippines to dubai,Informational,(by intent),I'm afraid that I'll miss a required document or step and my dog will be confiscated at the airport upon arrival.,Step-by-step guide,Moving your pet to Dubai involves 7 steps — here is each one verified,Download timeline,1.5
can i bring my dog to uae,Informational,(by intent),I'm afraid that my dog's breed or documentation will get it confiscated at the airport and never given back.,Step-by-step guide,Moving your pet to Dubai involves 7 steps — here is each one verified,Download timeline,1.5
what do i need to bring my dog to dubai,Informational,(by intent),I'm afraid that I'll miss a required document and my dog will be confiscated at the airport and never given back,Step-by-step guide,Moving your pet to Dubai involves 7 steps — here is each one verified,Download timeline,1.5
what dog breeds are allowed in dubai,Informational,(by intent),I'm afraid that my breed is banned in Dubai and I'll find out too late to do anything about it,Step-by-step guide,Moving your pet to Dubai involves 7 steps — here is each one verified,Download timeline,1.5
Can I bring my pet dog to Dubai?,Informational,(by intent),I'm afraid that I'll arrive in Dubai and my dog will be taken at the airport and never given back.,Step-by-step guide,Moving your pet to Dubai involves 7 steps — here is each one verified,Download timeline,1.5
Can I bring my dog to live in Dubai?,Informational,(by intent),I'm afraid that I'll start the process wrong and my dog will be rejected or taken at the airport.,Step-by-step guide,Moving your pet to Dubai involves 7 steps — here is each one verified,Download timeline,1.5
MOCCAE pet import permit,Informational,(by intent),I'm afraid that I'll make a mistake on the MOCCAE permit and my pet will be confiscated at the airport and never given back.,Step-by-step guide,Moving your pet to Dubai involves 7 steps — here is each one verified,Download timeline,1.5
MOCCAE pet export permit,Informational,(by intent),I'm afraid that I'll get the wrong stamp or miss a step and my pet will be confiscated at the airport and never given back.,Step-by-step guide,Moving your pet to Dubai involves 7 steps — here is each one verified,Download timeline,1.5
Pet import permit UAE,Informational,(by intent),I'm afraid that I'll get the wrong permit or miss a step and my pet will be confiscated at the airport and never given back.,Step-by-step guide,Moving your pet to Dubai involves 7 steps — here is each one verified,Download timeline,1.5
Can i take my dog to Dubai on holiday,Informational,(by intent),I'm afraid that I'll arrive at the airport without the right paperwork and my dog will be taken away and never given back,Step-by-step guide,Moving your pet to Dubai involves 7 steps — here is each one verified,Download timeline,1.5
Are dogs allowed in dubai airport arrivals,Informational,(by intent),I'm afraid my dog will be taken at the airport and never given back if I don't have the right paperwork.,Step-by-step guide,Moving your pet to Dubai involves 7 steps — here is each one verified,Download timeline,1.5
Can I take my dog to Dubai from UK,Informational,(by intent),I'm afraid that I'll get it wrong and my dog will be taken at the airport and never given back,Step-by-step guide,Moving your pet to Dubai involves 7 steps — here is each one verified,Download timeline,1.5
bring a cat to dubai,Informational,(by intent),I'm afraid that I'll get the paperwork wrong and my cat will be confiscated at the airport and never given back.,Step-by-step guide,Moving your pet to Dubai involves 7 steps — here is each one verified,Download timeline,1.5
how to bring cat from dubai to india,Informational,(by intent),I'm afraid I'll get the paperwork wrong and my cat will be rejected at the border or confiscated on arrival in India,Step-by-step guide,Moving your pet to Dubai involves 7 steps — here is each one verified,Download timeline,1.5
cat to dubai time,Informational,(by intent),I'm afraid that the timeline is longer than I expected and I'll miss my move date or be separated from my cat for months.,Step-by-step guide,Moving your pet to Dubai involves 7 steps — here is each one verified,Download timeline,1.5
import pet to dubai,Informational,(by intent),I'm afraid that I'll get the wrong documents and my pet will be confiscated at the airport and never given back,Step-by-step guide,Moving your pet to Dubai involves 7 steps — here is each one verified,Download timeline,1.5
bringing cat from dubai to uk,Informational,(by intent),I'm afraid that the paperwork won't be accepted at the UK border and my cat will be confiscated or quarantined on arrival.,Step-by-step guide,Moving your pet to Dubai involves 7 steps — here is each one verified,Download timeline,1.5
how to bring pet to dubai,Informational,(by intent),I'm afraid that I don't know where to start and every website says something different about what's actually required,Step-by-step guide,Moving your pet to Dubai involves 7 steps — here is each one verified,Download timeline,1.5
how to take cat to dubai,Informational,(by intent),I'm afraid that I don't know where to start and nobody I ask actually knows what the process is,Step-by-step guide,Moving your pet to Dubai involves 7 steps — here is each one verified,Download timeline,1.5
how can i bring my cat to dubai,Informational,(by intent),I'm afraid that I don't know where to start and nobody I ask actually knows the answer either,Step-by-step guide,Moving your pet to Dubai involves 7 steps — here is each one verified,Download timeline,1.5
can i bring my cat to the uae,Informational,(by intent),I'm afraid that I'll arrive at the airport with my cat and they'll turn us away because I didn't know the rules.,Step-by-step guide,Moving your pet to Dubai involves 7 steps — here is each one verified,Download timeline,1.5
Can I bring my pet cat to Dubai?,Informational,(by intent),I'm afraid that I'll get to the airport and my cat will be taken away because I didn't know the rules.,Step-by-step guide,Moving your pet to Dubai involves 7 steps — here is each one verified,Download timeline,1.5
What is the 3-3-3 rule of cats?,Informational,(by intent),I'm afraid that my cat won't adjust and will stay stressed and traumatised long after the move.,Step-by-step guide,Moving your pet to Dubai involves 7 steps — here is each one verified,Download timeline,1.5
MOCCAE import permit,Informational,(by intent),I'm afraid that I'll get the MOCCAE import permit wrong and my dog will be taken at the airport and never given back.,Step-by-step guide,Moving your pet to Dubai involves 7 steps — here is each one verified,Download timeline,1.5
UAE import permit,Informational,(by intent),I'm afraid that I'll get the wrong permit or miss a step and my pet will be confiscated at the airport and never given back.,Step-by-step guide,Moving your pet to Dubai involves 7 steps — here is each one verified,Download timeline,1.5
how to bring a dog to dubai,Informational,(by intent),I'm afraid that I don't know where to start and nobody I ask actually knows the right answer,Step-by-step guide,Moving your pet to Dubai involves 7 steps — here is each one verified,Download timeline,1.5
how to move my dog to dubai,Informational,(by intent),I'm afraid that I don't know where to start and every source says something different about what my dog actually needs.,Step-by-step guide,Moving your pet to Dubai involves 7 steps — here is each one verified,Download timeline,1.5
how to transport my dog to dubai,Informational,(by intent),I'm afraid that I don't know where to start and nobody I ask actually knows the right answer,Step-by-step guide,Moving your pet to Dubai involves 7 steps — here is each one verified,Download timeline,1.5
how to move to dubai with a dog,Informational,(by intent),I'm afraid that nobody actually knows the full process and I'll start too late with the wrong paperwork,Step-by-step guide,Moving your pet to Dubai involves 7 steps — here is each one verified,Download timeline,1.5
how to import a dog to dubai,Informational,(by intent),I'm afraid that I don't know where to start and every source says something different about what documents I actually need.,Step-by-step guide,Moving your pet to Dubai involves 7 steps — here is each one verified,Download timeline,1.5
what to do with a dog in dubai,Informational,(by intent),I'm afraid that nobody knows the process and I'll end up at the airport with the wrong paperwork and my dog gets taken away,Step-by-step guide,Moving your pet to Dubai involves 7 steps — here is each one verified,Download timeline,1.5
Can I take my dog if I move to Dubai?,Informational,(by intent),"I'm afraid that when I move to Dubai, I'll find out my dog can't come and I'll have to leave her behind.",Step-by-step guide,Moving your pet to Dubai involves 7 steps — here is each one verified,Download timeline,1.5
How to transfer a dog to Dubai?,Informational,(by intent),I'm afraid that I don't know where to start and every website says something different about what's actually required.,Step-by-step guide,Moving your pet to Dubai involves 7 steps — here is each one verified,Download timeline,1.5
How to move a dog to dubai from pakistan,Informational,(by intent),I'm afraid that the paperwork requirements from Pakistan are different and I'll miss a document nobody told me about,Step-by-step guide,Moving your pet to Dubai involves 7 steps — here is each one verified,Download timeline,1.5
How to move a dog to dubai from india,Informational,(by intent),I'm afraid that I'll get the paperwork wrong and my dog will be confiscated at the airport and never given back,Step-by-step guide,Moving your pet to Dubai involves 7 steps — here is each one verified,Download timeline,1.5
How to move a dog to dubai from uk,Informational,(by intent),I'm afraid that I'll miss a step in the UK-to-Dubai process and my dog gets rejected or confiscated at the airport,Step-by-step guide,Moving your pet to Dubai involves 7 steps — here is each one verified,Download timeline,1.5
How to move a dog to dubai from usa,Informational,(by intent),I'm afraid that I'll miss a critical document or step and my dog will be confiscated at Dubai airport,Step-by-step guide,Moving your pet to Dubai involves 7 steps — here is each one verified,Download timeline,1.5
How do I import pets into the UAE?,Informational,(by intent),I'm afraid that I'll start the process wrong and end up with missing documents that get my pet rejected at the airport,Step-by-step guide,Moving your pet to Dubai involves 7 steps — here is each one verified,Download timeline,1.5
How many pets can I take to Dubai?,Informational,(by intent),"I'm afraid that I'll arrive at the airport and be told only some of my pets are allowed through, leaving me no choice.",Step-by-step guide,Moving your pet to Dubai involves 7 steps — here is each one verified,Download timeline,1.5
What are the rules for pets in UAE?,Informational,(by intent),I'm afraid that I'll miss a critical rule and my pet will be confiscated at the airport before I even know what went wrong,Step-by-step guide,Moving your pet to Dubai involves 7 steps — here is each one verified,Download timeline,1.5
Pet import permit UAE MOCCAE,Informational,(by intent),I'm afraid that I'll get the MOCCAE permit wrong and my pet will be taken at the airport and never given back,Step-by-step guide,Moving your pet to Dubai involves 7 steps — here is each one verified,Download timeline,1.5
Import permit dubai,Informational,(by intent),I'm afraid that I'll get the import permit wrong and my pet will be confiscated at the airport and never given back.,Step-by-step guide,Moving your pet to Dubai involves 7 steps — here is each one verified,Download timeline,1.5
How much do pet sitters charge in Dubai?,Informational,(by intent),I'm afraid that pet sitters in Dubai charge insane amounts and I have no way to know if the price is fair.,Step-by-step guide,Moving your pet to Dubai involves 7 steps — here is each one verified,Download timeline,1.5
Can I take my dog on a plane to Dubai?,Informational,(by intent),I'm afraid my dog will be rejected at the airport because I didn't know the rules before booking.,Step-by-step guide,Moving your pet to Dubai involves 7 steps — here is each one verified,Download timeline,1.5
Can I bring my dog from Dubai to the UK?,Informational,(by intent),I'm afraid that the UK has requirements I don't know about and my dog will be rejected or quarantined at the border.,Step-by-step guide,Moving your pet to Dubai involves 7 steps — here is each one verified,Download timeline,1.5
Can I relocate my dog to the UK?,Informational,(by intent),I'm afraid that the UK has strict rules I don't know about and my dog won't be allowed in.,Step-by-step guide,Moving your pet to Dubai involves 7 steps — here is each one verified,Download timeline,1.5
Can I move my dog to South Africa?,Informational,(by intent),I'm afraid that the South Africa route has requirements I don't know about and my dog will be rejected at the border.,Step-by-step guide,Moving your pet to Dubai involves 7 steps — here is each one verified,Download timeline,1.5
What is the market demand for pet sitting in South Africa?,Informational,(by intent),I'm afraid that there's no reliable market data and I'll make business decisions based on guesswork.,Step-by-step guide,Moving your pet to Dubai involves 7 steps — here is each one verified,Download timeline,1.5
Pet relocation from dubai to south africa requirements,Informational,(by intent),I'm afraid that I'll miss a South Africa-specific requirement and my pet gets rejected or confiscated at the border,Step-by-step guide,Moving your pet to Dubai involves 7 steps — here is each one verified,Download timeline,1.5
Can I take my dog from Dubai to Australia?,Informational,(by intent),I'm afraid that the 8-month process means I'll be separated from my dog for most of the year,Step-by-step guide,Moving your pet to Dubai involves 7 steps — here is each one verified,Download timeline,1.5
What is the relocation allowance for UAE?,Informational,(by intent),I'm afraid that my employer's relocation package won't cover pet transport costs and I'll be stuck paying insane amounts myself,Step-by-step guide,Moving your pet to Dubai involves 7 steps — here is each one verified,Download timeline,1.5
Can I take my cat to Dubai from Australia?,Informational,(by intent),I'm afraid that the 8-month process means I'll be separated from my cat far longer than I expected,Step-by-step guide,Moving your pet to Dubai involves 7 steps — here is each one verified,Download timeline,1.5
dubai pet relocation,Informational,(by intent),I'm afraid that I don't know where to start and every source says something different about what's actually required,Step-by-step guide,Moving your pet to Dubai involves 7 steps — here is each one verified,Download timeline,1.5
Can you move your pet to Dubai?,Informational,(by intent),I'm afraid that I don't know where to start and nobody — not even the vet — can tell me what's actually required.,Step-by-step guide,Moving your pet to Dubai involves 7 steps — here is each one verified,Download timeline,1.5
private jet parking cost in dubai,Informational,(by intent),I'm afraid that the parking fees will be so high they make the total relocation cost completely unmanageable.,Step-by-step guide,Moving your pet to Dubai involves 7 steps — here is each one verified,Download timeline,1.5
is dubai pet friendly,Informational,(by intent),I'm afraid that Dubai won't accept my pet at all and I'll have no choice but to leave them behind,Step-by-step guide,Moving your pet to Dubai involves 7 steps — here is each one verified,Download timeline,1.5
how much does a hamster cost in uae,Informational,(by intent),I'm afraid that exotic or small pets like hamsters are invisible to the system and nobody actually helps with non-cat-dog pets.,Step-by-step guide,Moving your pet to Dubai involves 7 steps — here is each one verified,Download timeline,1.5
how much is a hamster in uae,Informational,(by intent),"I'm afraid that once I find a hamster here, I'll discover there's no clear process or support for relocating small exotic pets later.",Step-by-step guide,Moving your pet to Dubai involves 7 steps — here is each one verified,Download timeline,1.5
What happened to the pets in Dubai?,Informational,(by intent),I'm afraid that pets in Dubai are being abandoned in huge numbers and nobody is talking about it.,Step-by-step guide,Moving your pet to Dubai involves 7 steps — here is each one verified,Download timeline,1.5
What exotic animals can you own in Dubai?,Informational,(by intent),I'm afraid that my exotic pet is invisible to the system and nobody has clear answers about what's actually allowed.,Step-by-step guide,Moving your pet to Dubai involves 7 steps — here is each one verified,Download timeline,1.5
How much does a pet passport cost in UAE?,Informational,(by intent),"I'm afraid that by the time I find out the real cost, I'll have already been quoted an insane amount with no way to know if it's fair.",Step-by-step guide,Moving your pet to Dubai involves 7 steps — here is each one verified,Download timeline,1.5
can dogs live in dubai,Informational,(by intent),I'm afraid that Dubai has rules I don't know about and my dog won't be allowed to stay long-term,Step-by-step guide,Moving your pet to Dubai involves 7 steps — here is each one verified,Download timeline,1.5
five palm jumeirah dubai price per night,Informational,(by intent),I'm afraid that the cost of temporary accommodation while sorting pet relocation paperwork will spiral beyond what I budgeted.,Step-by-step guide,Moving your pet to Dubai involves 7 steps — here is each one verified,Download timeline,1.5
dubai aed into rupees,Informational,(by intent),I'm afraid that the total cost will be far higher than I expected once I convert it into rupees.,Step-by-step guide,Moving your pet to Dubai involves 7 steps — here is each one verified,Download timeline,1.5
how much is 40000 aed in dubai,Informational,(by intent),I'm afraid that I'm being charged an insane amount and have no way to know if the price is fair for pet relocation in Dubai.,Step-by-step guide,Moving your pet to Dubai involves 7 steps — here is each one verified,Download timeline,1.5
How to take pets from the UAE to India?,Informational,(by intent),I'm afraid that every source says something different and I won't know which documents are actually required until it's too late.,Step-by-step guide,Moving your pet to Dubai involves 7 steps — here is each one verified,Download timeline,1.5
uae pet policy,Informational,(by intent),I'm afraid that I'll misunderstand the UAE pet policy and show up at the airport with the wrong documents and my pet gets taken away.,Step-by-step guide,Moving your pet to Dubai involves 7 steps — here is each one verified,Download timeline,1.5
What are the rules for flying with your pet?,Informational,(by intent),I'm afraid that every website says something different and I won't know which rules actually apply until it's too late.,Step-by-step guide,Moving your pet to Dubai involves 7 steps — here is each one verified,Download timeline,1.5
united arab emirates pet import requirements,Informational,(by intent),I'm afraid that every source says something different and I'll miss a critical requirement that gets my pet rejected at the border,Step-by-step guide,Moving your pet to Dubai involves 7 steps — here is each one verified,Download timeline,1.5
uae dog import requirements,Informational,(by intent),I'm afraid that I'll miss one document and my dog will be taken at the airport and never given back,Step-by-step guide,Moving your pet to Dubai involves 7 steps — here is each one verified,Download timeline,1.5
uae dog import permit,Informational,(by intent),I'm afraid that I'll get the wrong permit or miss a step and my dog will be taken at the airport and never given back.,Step-by-step guide,Moving your pet to Dubai involves 7 steps — here is each one verified,Download timeline,1.5
uae pet import form,Informational,(by intent),I'm afraid that I'll fill out the wrong form or miss a required document and my pet will be confiscated at the airport.,Step-by-step guide,Moving your pet to Dubai involves 7 steps — here is each one verified,Download timeline,1.5
uae pet import health certificate,Informational,(by intent),I'm afraid that my health certificate will be invalid because it wasn't stamped by a government authorized vet and my pet gets rejected at the border.,Step-by-step guide,Moving your pet to Dubai involves 7 steps — here is each one verified,Download timeline,1.5
uae pet export requirements,Informational,(by intent),I'm afraid that each country has unique export requirements and I'll miss something that gets my pet rejected at the border,Step-by-step guide,Moving your pet to Dubai involves 7 steps — here is each one verified,Download timeline,1.5
how to get pet import permit in philippines,Informational,(by intent),I'm afraid that I'll submit the wrong paperwork and my pet gets rejected at the Philippine border with no way to fix it in time,Step-by-step guide,Moving your pet to Dubai involves 7 steps — here is each one verified,Download timeline,1.5
pet import to uae,Informational,(by intent),I'm afraid that I'll miss a required document and my pet will be confiscated at the airport and never given back.,Step-by-step guide,Moving your pet to Dubai involves 7 steps — here is each one verified,Download timeline,1.5
pakistan pet import requirements,Informational,(by intent),I'm afraid that every source says something different and I'll miss a required document that gets my pet rejected at the border,Step-by-step guide,Moving your pet to Dubai involves 7 steps — here is each one verified,Download timeline,1.5
Uae pet import requirements from india,Informational,(by intent),I'm afraid that I'll miss a required document and my pet gets confiscated at Dubai airport and never given back,Step-by-step guide,Moving your pet to Dubai involves 7 steps — here is each one verified,Download timeline,1.5
UAE cat import permit,Informational,(by intent),I'm afraid that I'll get the wrong permit or miss a step and my cat will be confiscated at the airport and never given back.,Step-by-step guide,Moving your pet to Dubai involves 7 steps — here is each one verified,Download timeline,1.5
MOCCAE pet export permit requirements,Informational,(by intent),I'm afraid that I'll get the wrong paperwork or miss a step and my pet will be confiscated at the airport.,Step-by-step guide,Moving your pet to Dubai involves 7 steps — here is each one verified,Download timeline,1.5
dubai quarantine rules 2023,Informational,(by intent),I'm afraid that my pet will be held in quarantine and I won't be able to see or help them.,Step-by-step guide,Moving your pet to Dubai involves 7 steps — here is each one verified,Download timeline,1.5
uae dog quarantine,Informational,(by intent),I'm afraid that my dog will be taken at the airport and held in quarantine and never given back to me.,Step-by-step guide,Moving your pet to Dubai involves 7 steps — here is each one verified,Download timeline,1.5
Do pets have to quarantine in Dubai?,Informational,(by intent),I'm afraid that my pet will be taken and held somewhere for weeks and I won't be able to see them.,Step-by-step guide,Moving your pet to Dubai involves 7 steps — here is each one verified,Download timeline,1.5
How long do pets stay in quarantine?,Informational,(by intent),I'm afraid that my pet will be stuck in quarantine for weeks and I won't be able to see or comfort them.,Step-by-step guide,Moving your pet to Dubai involves 7 steps — here is each one verified,Download timeline,1.5
Pet quarantine dubai rules,Informational,(by intent),I'm afraid that my pet will be taken and held in quarantine and I won't be able to get them back.,Step-by-step guide,Moving your pet to Dubai involves 7 steps — here is each one verified,Download timeline,1.5
Pet quarantine dubai requirements,Informational,(by intent),I'm afraid that my pet will be taken and held in quarantine and I'll never get them back.,Step-by-step guide,Moving your pet to Dubai involves 7 steps — here is each one verified,Download timeline,1.5
Moccae veterinary quarantine dubai,Informational,(by intent),I'm afraid that my pet will be taken at the airport and held in quarantine because my MOCCAE paperwork is wrong or missing.,Step-by-step guide,Moving your pet to Dubai involves 7 steps — here is each one verified,Download timeline,1.5
pet passport cat passport uae,Informational,(by intent),I'm afraid that my cat's passport or microchip won't be accepted and she'll be confiscated at the airport before I can do anything.,Step-by-step guide,Moving your pet to Dubai involves 7 steps — here is each one verified,Download timeline,1.5
pet passport for dubai,Informational,(by intent),I'm afraid that my pet's passport won't be valid for Dubai and I'll find out at the airport when it's too late.,Step-by-step guide,Moving your pet to Dubai involves 7 steps — here is each one verified,Download timeline,1.5
dog passport for dubai,Informational,(by intent),I'm afraid that I'll get the wrong paperwork and my dog will be taken at the airport and never given back,Step-by-step guide,Moving your pet to Dubai involves 7 steps — here is each one verified,Download timeline,1.5
pet passport in dubai,Informational,(by intent),I'm afraid that I'll get the wrong paperwork and my pet will be rejected at the border because I didn't know what was actually required.,Step-by-step guide,Moving your pet to Dubai involves 7 steps — here is each one verified,Download timeline,1.5
dog passport in dubai,Informational,(by intent),I'm afraid that I'll get the wrong document and my dog will be taken at the airport and never given back,Step-by-step guide,Moving your pet to Dubai involves 7 steps — here is each one verified,Download timeline,1.5
pet passport in uae,Informational,(by intent),I'm afraid that I'll get the wrong paperwork and my pet will be rejected at the border because nobody actually knows what's required.,Step-by-step guide,Moving your pet to Dubai involves 7 steps — here is each one verified,Download timeline,1.5
dubai municipality pet passport,Informational,(by intent),I'm afraid that I'll get the wrong paperwork and my pet will be confiscated at the airport because I didn't know what documents were actually required,Step-by-step guide,Moving your pet to Dubai involves 7 steps — here is each one verified,Download timeline,1.5
how to get a pet passport dubai,Informational,(by intent),I'm afraid that I'll get the wrong paperwork and my pet will be rejected at the airport because nobody actually knows what's required,Step-by-step guide,Moving your pet to Dubai involves 7 steps — here is each one verified,Download timeline,1.5
how to get pet passport in uae,Informational,(by intent),I'm afraid that I'll start the paperwork too late and my pet's documents won't be ready before my move date,Step-by-step guide,Moving your pet to Dubai involves 7 steps — here is each one verified,Download timeline,1.5
dubai pet passport,Informational,(by intent),I'm afraid that without the right documents my pet will be taken at the airport and never given back,Step-by-step guide,Moving your pet to Dubai involves 7 steps — here is each one verified,Download timeline,1.5
How to get a pet passport in Dubai?,Informational,(by intent),I'm afraid that I'll get the wrong paperwork and my pet will be rejected at the border because nobody actually knows the real requirements,Step-by-step guide,Moving your pet to Dubai involves 7 steps — here is each one verified,Download timeline,1.5
Can I take my pet to Dubai from India?,Informational,(by intent),I'm afraid that I'll get the paperwork wrong and my pet will be confiscated at Dubai airport and never given back.,Step-by-step guide,Moving your pet to Dubai involves 7 steps — here is each one verified,Download timeline,1.5
Pet passport dubai requirements,Informational,(by intent),I'm afraid that I'll get the wrong paperwork and my pet will be rejected or confiscated at the airport,Step-by-step guide,Moving your pet to Dubai involves 7 steps — here is each one verified,Download timeline,1.5
UAE pet passport,Informational,(by intent),I'm afraid that without the right documents my pet will be taken at the airport and never given back,Step-by-step guide,Moving your pet to Dubai involves 7 steps — here is each one verified,Download timeline,1.5
Cat passport Dubai,Informational,(by intent),I'm afraid that I'll get the wrong document and my cat will be rejected at the airport because of missing or invalid paperwork.,Step-by-step guide,Moving your pet to Dubai involves 7 steps — here is each one verified,Download timeline,1.5
Pet passport Abu Dhabi,Informational,(by intent),I'm afraid that the wrong paperwork or missing stamp will get my pet rejected at the border and taken away.,Step-by-step guide,Moving your pet to Dubai involves 7 steps — here is each one verified,Download timeline,1.5
transport cat from dubai to uk,Transactional,(by intent),I'm afraid that the UK's strict import rules mean one missing document will get my cat rejected at the border.,Service page,We handle every step so nothing gets rejected,Get a quote today,1
pet taxi in dubai,Transactional,(by intent),I'm afraid that the driver won't handle my pet safely and I'll have no way to check on them during transit.,Service page,We handle every step so nothing gets rejected,Get a quote today,1
pet delivery service dubai,Transactional,(by intent),I'm afraid that I'll hand my pet over to strangers and lose all control over what happens to them.,Service page,We handle every step so nothing gets rejected,Get a quote today,1
pet transport from dubai,Transactional,(by intent),I'm afraid that I'll miss a critical document deadline and my pet will be rejected at the airport on departure day,Service page,We handle every step so nothing gets rejected,Get a quote today,1
Pet movers dubai airport,Transactional,(by intent),"I'm afraid that without the right people at the airport, my pet will be taken and never given back.",Service page,We handle every step so nothing gets rejected,Get a quote today,1
cat relocation from dubai,Transactional,(by intent),I'm afraid that I'll get the export paperwork wrong and my cat will be rejected at the airport with no way to fix it in time.,Service page,We handle every step so nothing gets rejected,Get a quote today,1
Best pet relocation company dubai contact number,Transactional,(by intent),I'm afraid of handing my pet over to the wrong company and losing control of their welfare entirely,Service page,We handle every step so nothing gets rejected,Get a quote today,1
