Keyword,Source,Source Count,Date,Location,Device,Volume,Seasonal Peak,Status,Intent Type,Customer Fear,Notes
pet relocation dubai to india,alphabet-i; alphabet-n; alphabet-s; alphabet-t; alphabet-y; both; related; serpapi-autocomplete,8,2026-05-27,UAE (gl=ae),automated,,Oct–Apr,pending-volume,Commercial,I'm afraid the paperwork for India is so complex that one missing document will get my pet rejected at the border,
pet relocation dubai to uk,alphabet-s; alphabet-t; alphabet-u; alphabet-y; both; related; serpapi-autocomplete,7,2026-05-27,UAE (gl=ae),automated,,Oct–Apr,pending-volume,Commercial,I'm afraid the paperwork and timeline for UK import will be so complicated that my pet gets delayed or rejected at the border,
pet relocation dubai to philippines,alphabet-p; alphabet-s; alphabet-t; alphabet-y; both; serpapi-autocomplete,6,2026-05-27,UAE (gl=ae),automated,,Oct–Apr,pending-volume,Commercial,I'm afraid the timeline and paperwork for the Philippines will be so complex I'll miss my move date and be separated from my pet.,
pet relocation dubai to india price,alphabet-i; alphabet-n; alphabet-p; alphabet-s; alphabet-t; alphabet-y; both; serpapi-autocomplete,8,2026-05-27,UAE (gl=ae),automated,,Oct–Apr,pending-volume,Commercial,I'm afraid that companies will quote me an insane amount and I have no way to know if the price is fair for Dubai to India.,
pet relocation dubai reddit,alphabet-r; alphabet-v; alphabet-y; both; prefix-why; serpapi-autocomplete,6,2026-05-27,UAE (gl=ae),automated,,Oct–Apr,pending-volume,Research,I'm afraid that every website says something different and I don't know who to trust except real people who've done it,
pet relocation dubai costs,alphabet-a; alphabet-b; alphabet-c; alphabet-d; alphabet-f; alphabet-g; alphabet-i; alphabet-j; alphabet-l; alphabet-m; alphabet-n; alphabet-p; alphabet-q; alphabet-r; alphabet-s; alphabet-t; alphabet-u; alphabet-v; alphabet-x; alphabet-y; alphabet-z; both; prefix-can; prefix-does; prefix-how; prefix-is; prefix-what; prefix-why; prefix-will; related; serpapi-autocomplete,31,2026-05-27,UAE (gl=ae),automated,,Oct–Apr,pending-volume,Commercial,I'm afraid that relocation companies are shamelessly overcharging and I have no way to know if the quote I'm getting is fair.,
pet relocation dubai to australia,alphabet-a; alphabet-b; alphabet-f; alphabet-n; alphabet-q; alphabet-s; alphabet-t; alphabet-v; alphabet-x; alphabet-y; alphabet-z; both; serpapi-autocomplete,13,2026-05-27,UAE (gl=ae),automated,,Oct–Apr,pending-volume,Commercial,I'm afraid that the 8-month timeline means I'll be separated from my pet for most of the year,
pet relocation dubai to london,alphabet-l; alphabet-s; alphabet-t; alphabet-y; both; serpapi-autocomplete,6,2026-05-27,UAE (gl=ae),automated,,Oct–Apr,pending-volume,Commercial,I'm afraid the paperwork and timeline requirements for the UK will be so complex that my pet gets rejected at the border.,
pet relocation dubai to saudi,alphabet-t; alphabet-y; both; serpapi-autocomplete,4,2026-05-27,UAE (gl=ae),automated,,Oct–Apr,pending-volume,Commercial,I'm afraid that missing one document will get my pet confiscated at the Saudi border and never returned to me,
pet relocation dubai to us,alphabet-s; alphabet-t; alphabet-u; alphabet-y; serpapi-autocomplete,5,2026-05-27,UAE (gl=ae),automated,,Oct–Apr,pending-volume,Commercial,I'm afraid the timeline to relocate to the US will take months and I'll be separated from my pet the entire time,
pet relocation dubai to south africa,alphabet-a; alphabet-t; alphabet-y; both; prefix-can; prefix-does; prefix-how; prefix-is; prefix-what; prefix-why; prefix-will; serpapi-autocomplete,12,2026-05-27,UAE (gl=ae),automated,,Oct–Apr,pending-volume,Commercial,I'm afraid the timeline to South Africa is so long I'll be separated from my pet for months,
pet relocation dubai to germany,alphabet-g; alphabet-s; alphabet-t; alphabet-y; serpapi-autocomplete,5,2026-05-27,UAE (gl=ae),automated,,Oct–Apr,pending-volume,Commercial,I'm afraid the paperwork for Germany is so specific that one missing stamp means my pet gets turned away at the border,
pet transport dubai,alphabet-a; alphabet-c; alphabet-g; alphabet-j; alphabet-k; alphabet-l; alphabet-p; alphabet-r; alphabet-t; alphabet-u; alphabet-v; alphabet-w; alphabet-x; alphabet-y; both; google-unofficial; serpapi-autocomplete,17,2026-05-27,UAE (gl=ae),automated,,Oct–Apr,pending-volume,Commercial,I'm afraid that I'll hand my pet over to the wrong company and lose all control of their welfare,
pet travel dubai,alphabet-y; both; serpapi-autocomplete,3,2026-05-27,UAE (gl=ae),automated,,Oct–Apr,pending-volume,Informational,I'm afraid that I don't know where to start and every website says something different about what's actually required.,
pet shipping dubai,alphabet-a; alphabet-c; alphabet-g; alphabet-i; alphabet-j; alphabet-l; alphabet-p; alphabet-r; alphabet-u; alphabet-y; both; google-unofficial; serpapi-autocomplete,13,2026-05-27,UAE (gl=ae),automated,,Oct–Apr,pending-volume,Commercial,I'm afraid that I'll be quoted an insane amount and have no way to know if the price is fair or if the company can be trusted.,
pet relocation dubai,alphabet-k; alphabet-q; alphabet-w; alphabet-x; alphabet-y; both; google-unofficial; prefix-does; prefix-what; serpapi-autocomplete,10,2026-05-27,UAE (gl=ae),automated,,Oct–Apr,pending-volume,Commercial,"I'm afraid that I'll pick the wrong company, get overcharged, and my pet will suffer because I didn't do enough research",
pet relocation agency dubai,alphabet-a,1,2026-05-27,UAE (gl=ae),automated,,Oct–Apr,pending-volume,Commercial,I'm afraid that I'll hand my pet over to the wrong company and have no control over what happens to them,
pet relocation agent dubai,alphabet-a,1,2026-05-27,UAE (gl=ae),automated,,Oct–Apr,pending-volume,Commercial,I'm afraid of handing my pet over to the wrong company and losing all control of what happens to them,
pet travel agency dubai,alphabet-a; related,2,2026-05-27,UAE (gl=ae),automated,,Oct–Apr,pending-volume,Commercial,I'm afraid of handing my pet over to the wrong agency and losing control of their welfare entirely,
pet travel agent dubai,alphabet-a,1,2026-05-27,UAE (gl=ae),automated,,Oct–Apr,pending-volume,Commercial,I'm afraid that I'll hand my pet to the wrong company and lose all control over what happens to them,
dubai pet relocation agency uae,alphabet-a; alphabet-u,2,2026-05-27,UAE (gl=ae),automated,,Oct–Apr,pending-volume,Commercial,I'm afraid of handing my pet over to the wrong company and losing control of their welfare,
pet relocation companies in dubai,alphabet-a; alphabet-b; alphabet-d; alphabet-f; alphabet-g; alphabet-i; alphabet-j; alphabet-l; alphabet-m; alphabet-n; alphabet-p; alphabet-r; alphabet-s; alphabet-t; alphabet-u; alphabet-x; alphabet-y; both; prefix-can; prefix-does; prefix-how; prefix-is; prefix-what; prefix-why; prefix-will; serpapi-autocomplete,26,2026-05-27,UAE (gl=ae),automated,,Oct–Apr,pending-volume,Commercial,I'm afraid of handing my pet over to the wrong company and having no control over what happens to them,
pet relocation cost from dubai to india,alphabet-a; alphabet-b; alphabet-c; alphabet-d; alphabet-f; alphabet-g; alphabet-h; alphabet-i; alphabet-j; alphabet-l; alphabet-m; alphabet-n; alphabet-p; alphabet-q; alphabet-r; alphabet-s; alphabet-t; alphabet-u; alphabet-v; alphabet-x; alphabet-y; alphabet-z; both; prefix-can; prefix-does; prefix-how; prefix-is; prefix-what; prefix-why; prefix-will; related; serpapi-autocomplete,32,2026-05-27,UAE (gl=ae),automated,,Oct–Apr,pending-volume,Commercial,I'm afraid that relocation companies will charge an insane amount and I have no way to know if the price is fair.,
can i move my dog to dubai,alphabet-a; alphabet-c; alphabet-d; alphabet-f; alphabet-g; alphabet-i; alphabet-j; alphabet-l; alphabet-m; alphabet-p; alphabet-r; alphabet-u; alphabet-w; alphabet-y; both; prefix-can; prefix-does; prefix-how; prefix-is; prefix-what; prefix-why; prefix-will; serpapi-autocomplete,23,2026-05-27,UAE (gl=ae),automated,,Oct–Apr,pending-volume,Informational,I'm afraid that when I arrive at the airport something will go wrong and my dog will be taken away and never given back,
pet relocation in dubai,alphabet-a; alphabet-b; alphabet-c; alphabet-d; alphabet-g; alphabet-h; alphabet-i; alphabet-j; alphabet-l; alphabet-m; alphabet-n; alphabet-p; alphabet-q; alphabet-r; alphabet-v; alphabet-x; alphabet-z; serpapi-autocomplete,18,2026-05-27,UAE (gl=ae),automated,,Oct–Apr,pending-volume,Informational,I'm afraid that I don't know where to start and every source says something different about the process.,
best pet relocation dubai,alphabet-b,1,2026-05-27,UAE (gl=ae),automated,,Oct–Apr,pending-volume,Commercial,I'm afraid of handing my pet over to the wrong company and being overcharged with no way to know if they actually care.,
blue sky pet relocation dubai,alphabet-b; alphabet-y; google-unofficial; prefix-can; prefix-does; prefix-how; prefix-is; prefix-what; prefix-why; prefix-will,10,2026-05-27,UAE (gl=ae),automated,,Oct–Apr,pending-volume,Research,I'm afraid of choosing the wrong company and handing my pet over to strangers who don't care about their welfare,COMPETITOR — research needed
blue sky pet relocation dubai reviews,alphabet-b; alphabet-r; alphabet-y; both; prefix-can; prefix-does; prefix-how; prefix-is; prefix-what; prefix-why; prefix-will; related; serpapi-autocomplete,13,2026-05-27,UAE (gl=ae),automated,,Oct–Apr,pending-volume,Research,"I'm afraid that if I don't read reviews carefully, I'll hand my pet over to the wrong company and lose all control.",COMPETITOR — research needed
best pet relocation services dubai,alphabet-b; alphabet-g; alphabet-h; alphabet-i; alphabet-k; alphabet-n; alphabet-q; alphabet-v; alphabet-x; alphabet-y; alphabet-z; prefix-can; prefix-does; prefix-how; prefix-is; prefix-what; prefix-why; prefix-will; related; serpapi-autocomplete,20,2026-05-27,UAE (gl=ae),automated,,Oct–Apr,pending-volume,Commercial,I'm afraid of handing my pet over to the wrong company and being overcharged with no way to know if they actually care,
pet relocation company dubai,alphabet-c,1,2026-05-27,UAE (gl=ae),automated,,Oct–Apr,pending-volume,Commercial,I'm afraid of handing my pet over to the wrong company and having no control over what happens to them,
best pet relocation company dubai,alphabet-c; alphabet-y; google-unofficial; prefix-can; prefix-does; prefix-how; prefix-is; prefix-what; prefix-why; prefix-will,10,2026-05-27,UAE (gl=ae),automated,,Oct–Apr,pending-volume,Commercial,"I'm afraid that I'll hand my pet over to the wrong company, get overcharged, and have no way to know until it's too late",
pet relocation from india to dubai cost,alphabet-c; alphabet-i; both; serpapi-autocomplete,4,2026-05-27,UAE (gl=ae),automated,,Oct–Apr,pending-volume,Commercial,I'm afraid that I'm being quoted an insane amount and have no way to know if the price from India to Dubai is fair,
pet relocation from dubai to canada,alphabet-c; alphabet-f,2,2026-05-27,UAE (gl=ae),automated,,Oct–Apr,pending-volume,Commercial,I'm afraid the timeline to Canada is so long I'll be separated from my pet for months after I arrive.,
pet relocation cost from dubai to philippines,alphabet-c; alphabet-f; alphabet-p; alphabet-t; both; serpapi-autocomplete,6,2026-05-27,UAE (gl=ae),automated,,Oct–Apr,pending-volume,Commercial,I'm afraid that I'm being quoted an insane amount with no way to know if the price is fair for this route,
dkc pet relocation dubai,alphabet-d; alphabet-y; google-unofficial; prefix-can; prefix-does; prefix-how; prefix-is; prefix-what; prefix-why; prefix-will,10,2026-05-27,UAE (gl=ae),automated,,Oct–Apr,pending-volume,Research,I'm afraid of handing my pet over to the wrong company and losing all control of their welfare,COMPETITOR — research needed
pet relocation from dubai to india,alphabet-b; alphabet-c; alphabet-f; alphabet-h; alphabet-i; alphabet-n; alphabet-p; alphabet-q; alphabet-s; alphabet-t; alphabet-v; alphabet-x; alphabet-y; alphabet-z; google-unofficial; prefix-can; prefix-does; prefix-how; prefix-is; prefix-what; prefix-why; prefix-will,22,2026-05-27,UAE (gl=ae),automated,,Oct–Apr,pending-volume,Commercial,I'm afraid the paperwork for India is wrong and my pet gets rejected or confiscated at the border.,
pet relocation from dubai to philippines,alphabet-f; related,2,2026-05-27,UAE (gl=ae),automated,,Oct–Apr,pending-volume,Commercial,I'm afraid the paperwork requirements for Philippines are so unique that one missing document will get my pet rejected at the border.,
pet relocation from dubai,alphabet-b; alphabet-c; alphabet-d; alphabet-e; alphabet-f; alphabet-g; alphabet-h; alphabet-i; alphabet-j; alphabet-k; alphabet-l; alphabet-m; alphabet-n; alphabet-o; alphabet-p; alphabet-q; alphabet-r; alphabet-t; alphabet-v; alphabet-w; alphabet-y; alphabet-z; serpapi-autocomplete,23,2026-05-27,UAE (gl=ae),automated,,Oct–Apr,pending-volume,Commercial,I'm afraid that I'll choose the wrong company and lose control of my pet's welfare during the whole process,
pet relocation from dubai to uk,alphabet-b; alphabet-c; alphabet-d; alphabet-e; alphabet-f; alphabet-g; alphabet-h; alphabet-j; alphabet-k; alphabet-l; alphabet-m; alphabet-n; alphabet-o; alphabet-p; alphabet-q; alphabet-r; alphabet-t; alphabet-v; alphabet-w; alphabet-x; alphabet-y; alphabet-z; google-unofficial; prefix-can; prefix-does; prefix-how; prefix-is; prefix-what; prefix-why; prefix-will; serpapi-autocomplete,31,2026-05-27,UAE (gl=ae),automated,,Oct–Apr,pending-volume,Commercial,I'm afraid that the UK's strict import rules mean one wrong document will get my pet rejected at the border,
pet relocation from dubai to usa,alphabet-b; alphabet-c; alphabet-d; alphabet-e; alphabet-f; alphabet-g; alphabet-h; alphabet-i; alphabet-j; alphabet-k; alphabet-l; alphabet-m; alphabet-n; alphabet-o; alphabet-p; alphabet-q; alphabet-r; alphabet-t; alphabet-v; alphabet-w; alphabet-x; alphabet-y; alphabet-z; prefix-how; prefix-is; prefix-what; prefix-why; prefix-will; serpapi-autocomplete,29,2026-05-27,UAE (gl=ae),automated,,Oct–Apr,pending-volume,Commercial,I'm afraid the paperwork and timeline will be so overwhelming that I'll miss my move date and be separated from my pet.,
pet relocation from dubai to london,alphabet-f,1,2026-05-27,UAE (gl=ae),automated,,Oct–Apr,pending-volume,Commercial,I'm afraid the paperwork for the UK is so complex I'll get it wrong and my pet will be rejected at the border,
pet relocation from dubai to australia,alphabet-f; google-unofficial; prefix-can; prefix-does; prefix-how; prefix-is; prefix-what; prefix-why; prefix-will,9,2026-05-27,UAE (gl=ae),automated,,Oct–Apr,pending-volume,Commercial,I'm afraid that the 8-month timeline means I'll be separated from my pet for most of the year,
pet travel from dubai to india,alphabet-f; both; prefix-can; prefix-does; prefix-how; prefix-is; prefix-what; prefix-why; prefix-will; related; serpapi-autocomplete,11,2026-05-27,UAE (gl=ae),automated,,Oct–Apr,pending-volume,Informational,I'm afraid that I'll get the paperwork wrong and my pet will be rejected at the Indian border and sent back.,
pet travel from dubai,alphabet-f,1,2026-05-27,UAE (gl=ae),automated,,Oct–Apr,pending-volume,Informational,I'm afraid that I'll miss a critical document or step and my pet will be rejected at the airport before we even leave Dubai.,
pet travel from dubai to pakistan,alphabet-f,1,2026-05-27,UAE (gl=ae),automated,,Oct–Apr,pending-volume,Informational,I'm afraid that the paperwork for Pakistan will be wrong and my pet gets rejected or confiscated at the border.,
pet travel from dubai to uk,alphabet-f; both; prefix-can; prefix-does; prefix-how; prefix-is; prefix-what; prefix-why; prefix-will; serpapi-autocomplete,10,2026-05-27,UAE (gl=ae),automated,,Oct–Apr,pending-volume,Informational,I'm afraid that the UK's strict import requirements mean I'll get the paperwork wrong and my pet gets rejected at the border.,
pet relocation services from dubai,alphabet-f,1,2026-05-27,UAE (gl=ae),automated,,Oct–Apr,pending-volume,Commercial,I'm afraid that I'll choose the wrong company and hand my pet over to strangers who overcharge and don't care,
pet relocation dubai cost,alphabet-a; alphabet-b; alphabet-c; alphabet-d; alphabet-e; alphabet-f; alphabet-g; alphabet-h; alphabet-i; alphabet-k; alphabet-l; alphabet-m; alphabet-n; alphabet-o; alphabet-p; alphabet-q; alphabet-r; alphabet-t; alphabet-u; alphabet-v; alphabet-w; alphabet-x; alphabet-y; alphabet-z; prefix-can; prefix-does; prefix-is; prefix-will; related,29,2026-05-27,UAE (gl=ae),automated,,Oct–Apr,pending-volume,Commercial,I'm afraid that I'm being charged an insane amount and have no way to know if the price is fair,
pet relocation companies dubai,alphabet-b; alphabet-g; alphabet-h; alphabet-k; alphabet-n; alphabet-q; alphabet-r; alphabet-v; alphabet-x; alphabet-z,10,2026-05-27,UAE (gl=ae),automated,,Oct–Apr,pending-volume,Commercial,I'm afraid of handing my pet over to the wrong company and having no control over what happens to her,
pet transport in dubai,alphabet-i; alphabet-n; alphabet-x,3,2026-05-27,UAE (gl=ae),automated,,Oct–Apr,pending-volume,Informational,I'm afraid that I don't know where to start and nobody I ask actually knows the right process either,
pet travel in dubai,alphabet-i,1,2026-05-27,UAE (gl=ae),automated,,Oct–Apr,pending-volume,Informational,I'm afraid that I don't know where to start and every source says something different about what's actually required in Dubai.,
pet relocation services in dubai,alphabet-i; alphabet-n,2,2026-05-27,UAE (gl=ae),automated,,Oct–Apr,pending-volume,Commercial,I'm afraid of handing my pet over to the wrong company and having no control over what happens to them,
best pet relocation in dubai,alphabet-i,1,2026-05-27,UAE (gl=ae),automated,,Oct–Apr,pending-volume,Commercial,I'm afraid of handing my pet over to the wrong company and finding out too late they can't be trusted,
pet transport dubai to india,alphabet-i; alphabet-n; alphabet-s; alphabet-t; alphabet-y; both; related; serpapi-autocomplete,8,2026-05-27,UAE (gl=ae),automated,,Oct–Apr,pending-volume,Commercial,I'm afraid that I'll get quoted an insane amount and my pet will still end up stressed and rejected at the border due to wrong paperwork.,
pet travel dubai to india,alphabet-i; alphabet-t,2,2026-05-27,UAE (gl=ae),automated,,Oct–Apr,pending-volume,Commercial,I'm afraid that missing one document will get my pet rejected at the border and I'll have no backup plan.,
pet relocation services dubai to india,alphabet-i; alphabet-n; alphabet-s; alphabet-t; both; serpapi-autocomplete,6,2026-05-27,UAE (gl=ae),automated,,Oct–Apr,pending-volume,Commercial,I'm afraid that I'll pay an insane amount to a company that mishandles the paperwork and my pet gets rejected at the Indian border.,
best pet relocation companies in dubai,alphabet-i,1,2026-05-27,UAE (gl=ae),automated,,Oct–Apr,pending-volume,Commercial,I'm afraid that I'll hand my pet over to the wrong company and get charged insane amounts with no real care,
jetset pets pet relocation dubai,alphabet-c; alphabet-h; alphabet-j; alphabet-k; alphabet-n; alphabet-o; alphabet-p; alphabet-r; alphabet-w; alphabet-x; alphabet-y; alphabet-z; both; serpapi-autocomplete,14,2026-05-27,UAE (gl=ae),automated,,Oct–Apr,pending-volume,Research,I'm afraid of choosing the wrong company and handing my pet over to strangers I can't trust.,COMPETITOR — research needed
jetset pets pet relocation dubai photos,alphabet-c; alphabet-h; alphabet-j; alphabet-k; alphabet-n; alphabet-o; alphabet-p; alphabet-r; alphabet-w; alphabet-x; alphabet-y; alphabet-z; both; serpapi-autocomplete,14,2026-05-27,UAE (gl=ae),automated,,Oct–Apr,pending-volume,Research,I'm afraid of choosing the wrong company and handing my pet over to strangers I can't trust,COMPETITOR — research needed
cost of pet relocation international,alphabet-f; alphabet-i; alphabet-j; alphabet-p; alphabet-s; alphabet-t; both; prefix-does; prefix-how; prefix-is; prefix-what; prefix-why; prefix-will; serpapi-autocomplete,14,2026-05-27,UAE (gl=ae),automated,,Oct–Apr,pending-volume,Commercial,I'm afraid that relocation companies are shamelessly charging insane amounts and I have no way to know if the price is fair.,
pet relocation from mumbai to dubai,alphabet-m,1,2026-05-27,UAE (gl=ae),automated,,Oct–Apr,pending-volume,Commercial,I'm afraid that missing one document on the India-Dubai route will get my pet confiscated at the airport and never given back.,
pet travel dubai to philippines,alphabet-p; alphabet-s; alphabet-t; alphabet-y; both; serpapi-autocomplete,6,2026-05-27,UAE (gl=ae),automated,,Oct–Apr,pending-volume,Commercial,I'm afraid the paperwork for Philippines is so specific that one missing document means my pet gets rejected at the border,
nine lives pet relocations dubai photos,alphabet-p,1,2026-05-27,UAE (gl=ae),automated,,Oct–Apr,pending-volume,Research,I'm afraid of choosing the wrong company and handing my pet over to strangers I can't verify or trust.,
pet travel requirements dubai,alphabet-r,1,2026-05-27,UAE (gl=ae),automated,,Year-round,pending-volume,Informational,I'm afraid that every source says something different and I'll miss a required document and my pet gets rejected at the border,
pet relocation services dubai reddit,alphabet-r; alphabet-s,2,2026-05-27,UAE (gl=ae),automated,,Oct–Apr,pending-volume,Research,I'm afraid that every website says something different and I need real people's experiences before I trust any company with my pet,
pet relocation services dubai reviews,alphabet-r; alphabet-s,2,2026-05-27,UAE (gl=ae),automated,,Oct–Apr,pending-volume,Commercial,I'm afraid of handing my pet over to the wrong company and finding out too late they can't be trusted,
nine lives pet relocations dubai reviews,alphabet-r,1,2026-05-27,UAE (gl=ae),automated,,Oct–Apr,pending-volume,Research,I'm afraid of handing my pet over to the wrong company and finding out too late they can't be trusted,
pet relocation services dubai,alphabet-s,1,2026-05-27,UAE (gl=ae),automated,,Oct–Apr,pending-volume,Commercial,"I'm afraid that I'll choose the wrong company, hand over my pet to strangers, and have no way to know if they actually care.",
pet transport service dubai,alphabet-a; alphabet-c; alphabet-g; alphabet-j; alphabet-l; alphabet-p; alphabet-q; alphabet-r; alphabet-s; alphabet-z,10,2026-05-27,UAE (gl=ae),automated,,Oct–Apr,pending-volume,Commercial,I'm afraid that I'll hand my pet over to a company that charges insane amounts and doesn't actually care about my pet's welfare,
dog relocation services dubai,alphabet-a; alphabet-c; alphabet-f; alphabet-g; alphabet-h; alphabet-i; alphabet-j; alphabet-l; alphabet-m; alphabet-n; alphabet-o; alphabet-p; alphabet-q; alphabet-r; alphabet-s; alphabet-u; alphabet-v; alphabet-w; alphabet-x; alphabet-y; alphabet-z; prefix-can; serpapi-autocomplete,23,2026-05-27,UAE (gl=ae),automated,,Oct–Apr,pending-volume,Commercial,I'm afraid that I'll hand my dog over to a company that overcharges and doesn't actually care about his welfare,
pet travel service dubai,alphabet-s,1,2026-05-27,UAE (gl=ae),automated,,Oct–Apr,pending-volume,Commercial,I'm afraid that I'll hand my pet to a company that charges insane amounts and doesn't actually care about her welfare,
pet relocation to dubai,alphabet-s; alphabet-t; alphabet-x; alphabet-y; prefix-what; prefix-will,6,2026-05-27,UAE (gl=ae),automated,,Oct–Apr,pending-volume,Informational,I'm afraid that I'll get the paperwork wrong and my pet will be confiscated at the airport and never given back,
pet transport dubai to uk,alphabet-s; alphabet-t; alphabet-u; alphabet-y; both; serpapi-autocomplete,6,2026-05-27,UAE (gl=ae),automated,,Oct–Apr,pending-volume,Commercial,I'm afraid the paperwork and timeline for the UK route will be so complex that my pet gets rejected or I miss my move date,
pet travel dubai to uk,alphabet-s; alphabet-t; alphabet-u; alphabet-y; serpapi-autocomplete,5,2026-05-27,UAE (gl=ae),automated,,Oct–Apr,pending-volume,Commercial,I'm afraid the UK's strict import rules mean one missing document will get my pet rejected at the border.,
dog relocation dubai to uk,alphabet-s; alphabet-t; alphabet-u; alphabet-y; both; serpapi-autocomplete,6,2026-05-27,UAE (gl=ae),automated,,Oct–Apr,pending-volume,Commercial,I'm afraid the paperwork and timeline are so complicated that my dog won't make it out before my move date.,
pet relocation services uk to dubai,alphabet-u,1,2026-05-27,UAE (gl=ae),automated,,Oct–Apr,pending-volume,Commercial,I'm afraid that I'll choose the wrong company and hand my pet over to strangers who don't care about getting it right.,
pet relocation uae cost,alphabet-b; alphabet-f; alphabet-i; alphabet-n; alphabet-p; alphabet-q; alphabet-s; alphabet-t; alphabet-u; alphabet-v; alphabet-x; alphabet-y; alphabet-z; prefix-can; prefix-does; prefix-how; prefix-is; prefix-what; prefix-why; prefix-will; serpapi-autocomplete,21,2026-05-27,UAE (gl=ae),automated,,Oct–Apr,pending-volume,Commercial,I'm afraid that relocation companies are shamelessly charging an insane amount and I have no way to know if the price is fair.,
How much does it cost to move your pet to Dubai?,PAA,1,2026-05-27,UAE (gl=ae),automated,,Oct–Apr,pending-volume,Commercial,I'm afraid that relocation companies are shamelessly charging insane amounts and I have no way to know if the quote I get is fair,
Are people leaving pets behind in Dubai?,PAA,1,2026-05-27,UAE (gl=ae),automated,,Oct–Apr,pending-volume,Fear,I'm afraid that leaving my pet behind is becoming normal and I'll have no other choice.,
How much does it cost to relocate a dog?,PAA,1,2026-05-27,UAE (gl=ae),automated,,Oct–Apr,pending-volume,Commercial,I'm afraid that relocation companies are shamelessly charging insane amounts and I have no way to know if the quote I'm given is fair,
How to transfer pet ownership in Dubai?,PAA,1,2026-05-27,UAE (gl=ae),automated,,Oct–Apr,pending-volume,Informational,"I'm afraid that without the correct ownership transfer paperwork, my pet will be flagged or rejected at the border.",
Pet relocation dubai reviews,related,1,2026-05-27,UAE (gl=ae),automated,,Oct–Apr,pending-volume,Commercial,I'm afraid of handing my pet over to the wrong company and finding out too late they can't be trusted,
JetSet pets Dubai,alphabet-c; alphabet-h; alphabet-k; alphabet-n; alphabet-o; alphabet-p; alphabet-w; alphabet-x; alphabet-y; alphabet-z; google-unofficial; related,12,2026-05-27,UAE (gl=ae),automated,,Oct–Apr,pending-volume,Research,I'm afraid of choosing the wrong company and handing my pet over to strangers I can't trust.,COMPETITOR — research needed
dog relocation dubai,alphabet-a; alphabet-c; alphabet-f; alphabet-g; alphabet-h; alphabet-i; alphabet-j; alphabet-l; alphabet-m; alphabet-n; alphabet-o; alphabet-p; alphabet-q; alphabet-r; alphabet-u; alphabet-v; alphabet-w; alphabet-x; alphabet-y; alphabet-z; google-unofficial; prefix-can,22,2026-05-27,UAE (gl=ae),automated,,Oct–Apr,pending-volume,Commercial,I'm afraid of choosing the wrong company and handing my dog over to strangers who overcharge and don't care,
dog relocation uae,alphabet-a; alphabet-c; alphabet-f; alphabet-g; alphabet-h; alphabet-i; alphabet-j; alphabet-l; alphabet-m; alphabet-n; alphabet-o; alphabet-p; alphabet-q; alphabet-r; alphabet-u; alphabet-v; alphabet-w; alphabet-x; alphabet-z; prefix-can,20,2026-05-27,UAE (gl=ae),automated,,Oct–Apr,pending-volume,Informational,I'm afraid that I'll get the paperwork wrong and my dog will be taken at the airport and never given back,
dog relocation to india,alphabet-a; alphabet-c; alphabet-f; alphabet-g; alphabet-h; alphabet-i; alphabet-j; alphabet-l; alphabet-m; alphabet-n; alphabet-o; alphabet-p; alphabet-q; alphabet-r; alphabet-u; alphabet-v; alphabet-w; alphabet-x; alphabet-z,19,2026-05-27,UAE (gl=ae),automated,,Oct–Apr,pending-volume,Commercial,I'm afraid the paperwork for India will be wrong and my dog will be held or confiscated at the border.,
dog relocation to dubai,alphabet-s; alphabet-t,2,2026-05-27,UAE (gl=ae),automated,,Oct–Apr,pending-volume,Informational,I'm afraid that I'll get the paperwork wrong and my dog will be taken at the airport and never given back,
move dog to dubai,alphabet-t,1,2026-05-27,UAE (gl=ae),automated,,Oct–Apr,pending-volume,Informational,I'm afraid that I don't know where to start and my dog will be rejected or taken at the airport because I missed something,
can dogs move to dubai,prefix-can,1,2026-05-27,UAE (gl=ae),automated,,Oct–Apr,pending-volume,Informational,I'm afraid that dogs aren't allowed into Dubai and I'll have no choice but to leave mine behind,
relocation pet dubai,alphabet-g; alphabet-h; alphabet-k; alphabet-n; alphabet-q; alphabet-v; alphabet-x; alphabet-y; alphabet-z; prefix-can; prefix-does; prefix-how; prefix-is,13,2026-05-27,UAE (gl=ae),automated,,Oct–Apr,pending-volume,Informational,I'm afraid that I don't know where to start and every source says something different about what's actually required.,
How much does it cost to relocate a dog to Dubai?,PAA,1,2026-05-27,UAE (gl=ae),automated,,Oct–Apr,pending-volume,Commercial,I'm afraid that relocation companies are shamelessly charging an insane amount and I have no way to know if the price is fair.,
How do I relocate my dog?,PAA,1,2026-05-27,UAE (gl=ae),automated,,Oct–Apr,pending-volume,Informational,"I'm afraid that nobody knows the right process and every source says something different, so I'll miss a critical step.",
pet relocation from india to uae,alphabet-b; alphabet-c; alphabet-f; alphabet-h; alphabet-n; alphabet-p; alphabet-q; alphabet-s; alphabet-t; alphabet-v; alphabet-x; alphabet-y; alphabet-z; prefix-does; prefix-how; prefix-is; prefix-what; prefix-why; serpapi-autocomplete,19,2026-05-27,UAE (gl=ae),automated,,Oct–Apr,pending-volume,Commercial,I'm afraid that the documents required from India won't be accepted in UAE and my pet will be confiscated at the airport,
how to take dog from dubai to india,prefix-can; prefix-how; prefix-what; prefix-will,4,2026-05-27,UAE (gl=ae),automated,,Oct–Apr,pending-volume,Informational,I'm afraid that I'll get the paperwork wrong and my dog will be rejected at the border or confiscated at the airport,
can i take my dog to dubai from india,prefix-can,1,2026-05-27,UAE (gl=ae),automated,,Oct–Apr,pending-volume,Informational,I'm afraid that I'll arrive at the airport and my dog will be taken away because I didn't know the exact requirements.,
pet relocation from uae to india,prefix-can; prefix-how; prefix-will,3,2026-05-27,UAE (gl=ae),automated,,Oct–Apr,pending-volume,Commercial,I'm afraid the paperwork for India will be rejected at the border and my pet will be confiscated or sent back.,
relocate pet to india,prefix-can,1,2026-05-27,UAE (gl=ae),automated,,Oct–Apr,pending-volume,Informational,I'm afraid that each country has unique requirements and I'll miss something that gets my pet rejected at the Indian border.,
can i import iphone from dubai to india,prefix-why,1,2026-05-27,UAE (gl=ae),automated,,Year-round,pending-volume,Informational,I'm afraid that my device will be confiscated at Indian customs and I'll lose both the phone and my money.,
How do I take my pet from Dubai to India?,PAA,1,2026-05-27,UAE (gl=ae),automated,,Oct–Apr,pending-volume,Informational,I'm afraid that I'll get the paperwork wrong and my pet will be rejected at the border or confiscated at the airport.,
How much does Emirates charge for pet travel?,PAA,1,2026-05-27,UAE (gl=ae),automated,,Oct–Apr,pending-volume,Research,I'm afraid that Emirates will charge an insane amount and still deliver a terrible experience with no real pet care.,
Can I relocate my dog to India?,PAA,1,2026-05-27,UAE (gl=ae),automated,,Oct–Apr,pending-volume,Informational,I'm afraid that India has requirements I don't know about and my dog will be rejected or confiscated at the border.,
Is dog relocation legal in India?,PAA,1,2026-05-27,UAE (gl=ae),automated,,Oct–Apr,pending-volume,Informational,I'm afraid that relocating my dog to or from India is restricted and I'll find out too late to make other plans.,
Pet relocation from dubai to india price,related,1,2026-05-27,UAE (gl=ae),automated,,Oct–Apr,pending-volume,Commercial,I'm afraid that I'm being quoted an insane amount and have no way to know if the price is fair for this route,
Pet relocation from dubai to india cost,related,1,2026-05-27,UAE (gl=ae),automated,,Oct–Apr,pending-volume,Commercial,I'm afraid that relocation companies are shamelessly charging an insane amount and I have no way to know if the quote is fair.,
How much does it cost to fly a dog to Dubai,alphabet-a; alphabet-c; alphabet-g; alphabet-i; alphabet-j; alphabet-l; alphabet-n; alphabet-p; alphabet-r; alphabet-u; alphabet-y; both; prefix-how; related; serpapi-autocomplete,15,2026-05-27,UAE (gl=ae),automated,,Oct–Apr,pending-volume,Commercial,I'm afraid that I'm being quoted an insane amount with no way to know if it's fair or if I'm being taken advantage of,
Pet relocation services UAE,related,1,2026-05-27,UAE (gl=ae),automated,,Oct–Apr,pending-volume,Commercial,I'm afraid that I'll hand my pet over to the wrong company and have no way to know if they actually care,
Pet relocation to India,related,1,2026-05-27,UAE (gl=ae),automated,,Oct–Apr,pending-volume,Commercial,I'm afraid that the documentation requirements for India are so complex I'll miss something and my pet gets rejected at the border,
pet taxi dubai,alphabet-y; both; serpapi-autocomplete,3,2026-05-27,UAE (gl=ae),automated,,Oct–Apr,pending-volume,Transactional,I'm afraid that the driver won't know how to handle my pet and something will go wrong on the way to the airport,
pet taxi dubai price,alphabet-p; alphabet-y; both; related; serpapi-autocomplete,5,2026-05-27,UAE (gl=ae),automated,,Oct–Apr,pending-volume,Commercial,I'm afraid that I'm being charged an insane amount for a simple transfer and have no way to know if the price is fair.,
pet taxi dubai to abu dhabi,alphabet-a; alphabet-s; alphabet-t; alphabet-y; serpapi-autocomplete,5,2026-05-27,UAE (gl=ae),automated,,Oct–Apr,pending-volume,Transactional,I'm afraid that the driver won't know how to handle my pet and something will go wrong on the road.,
pet taxi dubai app,alphabet-a,1,2026-05-27,UAE (gl=ae),automated,,Oct–Apr,pending-volume,Research,I'm afraid that the app or service I book won't be equipped to handle my pet safely and something goes wrong in transit.,
are pets allowed in dubai taxi,alphabet-a; alphabet-c; alphabet-g; alphabet-i; alphabet-j; alphabet-l; alphabet-n; alphabet-r; alphabet-u,9,2026-05-27,UAE (gl=ae),automated,,Oct–Apr,pending-volume,Informational,I'm afraid that I'll get to the airport with my pet and have no way to get to my destination without a car.,
how much does it cost to take a dog to dubai,alphabet-a,1,2026-05-27,UAE (gl=ae),automated,,Oct–Apr,pending-volume,Informational,I'm afraid that I'm being charged an insane amount and have no way to know if the price is actually fair.,
pet transport abu dhabi,alphabet-a,1,2026-05-27,UAE (gl=ae),automated,,Oct–Apr,pending-volume,Commercial,I'm afraid that companies in Abu Dhabi will charge insane amounts and I have no way to know if the price is fair,
pet taxi dubai contact number,alphabet-c; alphabet-n,2,2026-05-27,UAE (gl=ae),automated,,Oct–Apr,pending-volume,Transactional,"I'm afraid that I'll call and find out they don't handle the documents, just the transport, and I'll still be stuck.",
how much is pet transport international,alphabet-c; alphabet-n,2,2026-05-27,UAE (gl=ae),automated,,Oct–Apr,pending-volume,Commercial,I'm afraid that relocation companies are shamelessly charging an insane amount and I have no way to know if the price is fair,
how much is transport to dubai,alphabet-c; alphabet-i; alphabet-l,3,2026-05-27,UAE (gl=ae),automated,,Oct–Apr,pending-volume,Commercial,I'm afraid that I'm being quoted an insane amount and have no way to know if the price is actually fair.,
how to transport pets in india,alphabet-c; alphabet-n,2,2026-05-27,UAE (gl=ae),automated,,Oct–Apr,pending-volume,Informational,I'm afraid that every website says something different and I won't know which rules actually apply to my pet's move.,
taxi pet friendly dubai,alphabet-f,1,2026-05-27,UAE (gl=ae),automated,,Oct–Apr,pending-volume,Informational,I'm afraid that my pet will be refused at the last minute and I'll miss a critical airport appointment.,
transport cat from dubai to uk,alphabet-f,1,2026-05-27,UAE (gl=ae),automated,,Oct–Apr,pending-volume,Transactional,I'm afraid that the UK's strict import rules mean one missing document will get my cat rejected at the border.,
fly dubai pet transport,alphabet-f,1,2026-05-27,UAE (gl=ae),automated,,Oct–Apr,pending-volume,Informational,I'm afraid that Fly Dubai will reject my pet at check-in and I'll find out too late to change plans,
pet passport uae cost,alphabet-c; alphabet-f; alphabet-g; alphabet-i; alphabet-j; alphabet-l; alphabet-m; alphabet-o; alphabet-p; alphabet-r; alphabet-s; alphabet-t; alphabet-u; alphabet-x; alphabet-y; both; prefix-how; serpapi-autocomplete,18,2026-05-27,UAE (gl=ae),automated,,Year-round,pending-volume,Commercial,I'm afraid that I'll be quoted an insane amount for a simple document and have no way to know if it's fair,
pet taxi in dubai,alphabet-i,1,2026-05-27,UAE (gl=ae),automated,,Oct–Apr,pending-volume,Transactional,I'm afraid that the driver won't handle my pet safely and I'll have no way to check on them during transit.,
pet transport to uae,alphabet-i; alphabet-j; alphabet-k; alphabet-n; alphabet-p; alphabet-q; alphabet-u,7,2026-05-27,UAE (gl=ae),automated,,Oct–Apr,pending-volume,Informational,I'm afraid that I'll get the paperwork wrong and my pet will be confiscated at the airport and never given back.,
pet transportation dubai,alphabet-q; alphabet-z,2,2026-05-27,UAE (gl=ae),automated,,Oct–Apr,pending-volume,Commercial,I'm afraid that I'll hand my pet over to the wrong company and lose control of their welfare entirely,
pet taxi dubai reddit,alphabet-r,1,2026-05-27,UAE (gl=ae),automated,,Oct–Apr,pending-volume,Research,I'm afraid of handing my pet to a stranger with no way to verify if they're trustworthy or safe.,
pet taxi service dubai,alphabet-s,1,2026-05-27,UAE (gl=ae),automated,,Oct–Apr,pending-volume,Commercial,I'm afraid that handing my pet to a stranger in an unmarked vehicle means I'll lose all control of what happens to them.,
pet transport to dubai,alphabet-s; alphabet-t,2,2026-05-27,UAE (gl=ae),automated,,Oct–Apr,pending-volume,Informational,I'm afraid that I'll get the paperwork wrong and my pet will be confiscated at the airport and never given back,
pet transport uae,alphabet-u; alphabet-w; alphabet-x,3,2026-05-27,UAE (gl=ae),automated,,Oct–Apr,pending-volume,Informational,I'm afraid that I don't know where to start and every source says something different about how pet transport in UAE actually works.,
Are pets allowed in Careem taxi?,PAA,1,2026-05-27,UAE (gl=ae),automated,,Oct–Apr,pending-volume,Informational,I'm afraid that no taxi will take my pet and I'll have no way to get to the airport on moving day.,
Does Emirates transport pets?,PAA,1,2026-05-27,UAE (gl=ae),automated,,Oct–Apr,pending-volume,Research,I'm afraid Emirates will reject my breed or size and I'll find out too late to make other arrangements,
How to book a taxi for a dog?,PAA,1,2026-05-27,UAE (gl=ae),automated,,Oct–Apr,pending-volume,Informational,I'm afraid that regular taxis will refuse my dog and I'll have no way to get to the airport on time.,
Pet transport dubai price,related,1,2026-05-27,UAE (gl=ae),automated,,Oct–Apr,pending-volume,Commercial,I'm afraid that I'm being quoted an insane amount and have no way to know if the price is fair or if I'm being taken advantage of,
Pet transport dubai cost,related,1,2026-05-27,UAE (gl=ae),automated,,Oct–Apr,pending-volume,Commercial,I'm afraid that relocation companies are shamelessly charging an insane amount and I have no way to know if the price is fair.,
Pet transport dubai airport,related,1,2026-05-27,UAE (gl=ae),automated,,Oct–Apr,pending-volume,Informational,I'm afraid that my pet will be taken at the airport and never given back because I have the wrong paperwork.,
Cheapest pet transport dubai,related,1,2026-05-27,UAE (gl=ae),automated,,Oct–Apr,pending-volume,Commercial,I'm afraid that the cheapest option will cut corners and my pet will suffer or get rejected at the airport.,
pet cargo dubai,alphabet-y; both; serpapi-autocomplete,3,2026-05-27,UAE (gl=ae),automated,,Oct–Apr,pending-volume,Informational,I'm afraid that my pet will suffer alone in the cargo hold and I won't know if they're okay,
pet delivery dubai,alphabet-a; alphabet-c; alphabet-g; alphabet-i; alphabet-j; alphabet-l; alphabet-p; alphabet-r; alphabet-u; alphabet-y; alphabet-z; both; serpapi-autocomplete,13,2026-05-27,UAE (gl=ae),automated,,Oct–Apr,pending-volume,Transactional,I'm afraid that the company I hand my pet to doesn't actually care and I'll lose control of what happens to them,
pet shipping uae,alphabet-a; alphabet-c; alphabet-g; alphabet-i; alphabet-j; alphabet-l; alphabet-p; alphabet-r; alphabet-u,9,2026-05-27,UAE (gl=ae),automated,,Oct–Apr,pending-volume,Commercial,I'm afraid that relocation companies are shamelessly charging an insane amount and I have no way to know if the price is fair,
pet shop dubai delivery,alphabet-a; alphabet-g; alphabet-i; alphabet-l; alphabet-p; alphabet-r; alphabet-u,7,2026-05-27,UAE (gl=ae),automated,,Oct–Apr,pending-volume,Transactional,I'm afraid that the wrong supplies will arrive too late and my pet won't have what they need when they land.,
pet delivery uae,alphabet-a; alphabet-i; alphabet-l; alphabet-p; alphabet-u,5,2026-05-27,UAE (gl=ae),automated,,Oct–Apr,pending-volume,Transactional,I'm afraid that the company I choose will treat my pet like a package and not care if they suffer.,
how much does it cost to ship a cat internationally,alphabet-c,1,2026-05-27,UAE (gl=ae),automated,,Oct–Apr,pending-volume,Commercial,I'm afraid that relocation companies are shamelessly charging an insane amount and I have no way to know if the price is fair.,
pet delivery companies uae,alphabet-c; alphabet-g,2,2026-05-27,UAE (gl=ae),automated,,Oct–Apr,pending-volume,Commercial,I'm afraid of handing my pet over to strangers and choosing the wrong company that doesn't actually care.,
pet courier dubai,alphabet-c,1,2026-05-27,UAE (gl=ae),automated,,Oct–Apr,pending-volume,Commercial,I'm afraid that I'll hand my pet to strangers and lose all control over what happens to them en route.,
does dhl transport pets,alphabet-l,1,2026-05-27,UAE (gl=ae),automated,,Oct–Apr,pending-volume,Research,I'm afraid that I'll choose the wrong carrier and my pet will be refused or mishandled with no recourse.,
pet delivery service dubai,alphabet-r,1,2026-05-27,UAE (gl=ae),automated,,Oct–Apr,pending-volume,Transactional,I'm afraid that I'll hand my pet over to strangers and lose all control over what happens to them.,
pet travel to dubai,alphabet-t,1,2026-05-27,UAE (gl=ae),automated,,Oct–Apr,pending-volume,Informational,I'm afraid that I'll miss a document or step and my pet will be confiscated at Dubai airport and never given back,
Pet shipping dubai airport,related,1,2026-05-27,UAE (gl=ae),automated,,Oct–Apr,pending-volume,Informational,I'm afraid my pet will be taken at the airport and never given back because I have the wrong paperwork,
Pet shipping dubai contact number,related,1,2026-05-27,UAE (gl=ae),automated,,Oct–Apr,pending-volume,Research,I'm afraid of choosing the wrong company and handing my pet over to strangers I can't trust or reach when it matters.,
Pet relocation services Abu Dhabi,related,1,2026-05-27,UAE (gl=ae),automated,,Oct–Apr,pending-volume,Commercial,I'm afraid that companies in Abu Dhabi will charge insane amounts and I'll have no way to know if the price is fair,
Best pet shipping dubai,related,1,2026-05-27,UAE (gl=ae),automated,,Oct–Apr,pending-volume,Commercial,I'm afraid of handing my pet over to the wrong company and being overcharged with no way to know if the price is fair,
pet movers dubai,alphabet-a; alphabet-c; alphabet-f; alphabet-g; alphabet-i; alphabet-j; alphabet-l; alphabet-n; alphabet-p; alphabet-r; alphabet-u; alphabet-v; alphabet-x; alphabet-y; alphabet-z; google-unofficial,16,2026-05-27,UAE (gl=ae),automated,,Oct–Apr,pending-volume,Commercial,I'm afraid of handing my pet over to strangers and choosing the wrong company with no way to check if they're trustworthy,
pet transport from dubai,alphabet-f,1,2026-05-27,UAE (gl=ae),automated,,Oct–Apr,pending-volume,Transactional,I'm afraid that I'll miss a critical document deadline and my pet will be rejected at the airport on departure day,
great movers gt photos,alphabet-g,1,2026-05-27,UAE (gl=ae),automated,,Oct–Apr,pending-volume,Research,I'm afraid of choosing the wrong company and losing control of my pet's welfare to strangers I can't verify.,
pet relocation service in dubai,alphabet-i; alphabet-j; alphabet-n; alphabet-r,4,2026-05-27,UAE (gl=ae),automated,,Oct–Apr,pending-volume,Commercial,"I'm afraid that I'll choose the wrong company, hand my pet over to strangers, and have no control over what happens next.",
pet relocations dubai,alphabet-r,1,2026-05-27,UAE (gl=ae),automated,,Oct–Apr,pending-volume,Commercial,I'm afraid that I'll hand my pet to the wrong company and lose all control over their welfare and safety.,
petvet dubai,alphabet-v,1,2026-05-27,UAE (gl=ae),automated,,Oct–Apr,pending-volume,Research,I'm afraid that the vet I choose won't know the exact export requirements and I'll end up with invalid paperwork at the airport.,
vet van dubai,alphabet-v,1,2026-05-27,UAE (gl=ae),automated,,Oct–Apr,pending-volume,Research,I'm afraid that no mobile vet in Dubai knows the specific government-stamped paperwork my pet needs to travel.,
How much does a pet sitter cost in Dubai?,PAA,1,2026-05-27,UAE (gl=ae),automated,,Oct–Apr,pending-volume,Informational,I'm afraid that pet sitters in Dubai charge insane amounts and I have no way to know if the price is fair.,
Pet movers dubai airport,related,1,2026-05-27,UAE (gl=ae),automated,,Oct–Apr,pending-volume,Transactional,"I'm afraid that without the right people at the airport, my pet will be taken and never given back.",
Carry my Pet dubai reviews,alphabet-a; alphabet-b; alphabet-c; alphabet-d; alphabet-e; alphabet-f; alphabet-g; alphabet-h; alphabet-i; alphabet-j; alphabet-k; alphabet-l; alphabet-m; alphabet-n; alphabet-o; alphabet-p; alphabet-q; alphabet-r; alphabet-s; alphabet-t; alphabet-u; alphabet-v; alphabet-w; alphabet-x; alphabet-y; alphabet-z; both; related; serpapi-autocomplete,29,2026-05-27,UAE (gl=ae),automated,,Oct–Apr,pending-volume,Research,I'm afraid of handing my pet over to the wrong company and losing all control of their welfare to strangers,COMPETITOR — research needed
cat relocation dubai to uk,alphabet-b; alphabet-e; alphabet-f; alphabet-k; alphabet-n; alphabet-q; alphabet-s; alphabet-t; alphabet-u; alphabet-x; alphabet-y; both; prefix-can; serpapi-autocomplete,14,2026-05-27,UAE (gl=ae),automated,,Oct–Apr,pending-volume,Commercial,I'm afraid the paperwork requirements for UK entry are so complex I'll miss something and my cat gets rejected at the border,
cat relocation services dubai,alphabet-s; alphabet-y; both; serpapi-autocomplete,4,2026-05-27,UAE (gl=ae),automated,,Oct–Apr,pending-volume,Commercial,I'm afraid of handing my cat over to the wrong company and losing control of her welfare completely,
how much does it cost to move a cat overseas,alphabet-f; alphabet-s; alphabet-y; both; prefix-can; prefix-does; prefix-how; prefix-what; prefix-will; serpapi-autocomplete,10,2026-05-27,UAE (gl=ae),automated,,Oct–Apr,pending-volume,Commercial,I'm afraid that I'm being quoted an insane amount and have no way to know if the price is fair or if I'm being taken advantage of,
cat relocation uae,alphabet-b; alphabet-e; alphabet-f; alphabet-k; alphabet-n; alphabet-q; alphabet-s; alphabet-t; alphabet-u; alphabet-x; alphabet-z; serpapi-autocomplete,12,2026-05-27,UAE (gl=ae),automated,,Oct–Apr,pending-volume,Informational,I'm afraid that I don't know where to start and every source says something different about what my cat actually needs.,
cat relocation abu dhabi,alphabet-b; alphabet-e; alphabet-n; alphabet-q; alphabet-s; alphabet-u; alphabet-x; alphabet-y; alphabet-z; serpapi-autocomplete,10,2026-05-27,UAE (gl=ae),automated,,Oct–Apr,pending-volume,Commercial,I'm afraid that I'll choose the wrong company and hand my cat over to strangers who don't care about her welfare,
cat relocation cost,alphabet-f; alphabet-k; alphabet-t; alphabet-z; prefix-can; serpapi-autocomplete,6,2026-05-27,UAE (gl=ae),automated,,Oct–Apr,pending-volume,Commercial,I'm afraid that relocation companies are shamelessly overcharging and I have no way to know if the quote I'm getting is fair,
cat relocation dubai,alphabet-b; alphabet-e; alphabet-k; alphabet-n; alphabet-q; alphabet-u; alphabet-x; alphabet-y; alphabet-z; google-unofficial; related,11,2026-05-27,UAE (gl=ae),automated,,Oct–Apr,pending-volume,Informational,I'm afraid that I don't know where to start and every source says something different about what my cat actually needs,
cat relocation from dubai,alphabet-f,1,2026-05-27,UAE (gl=ae),automated,,Oct–Apr,pending-volume,Transactional,I'm afraid that I'll get the export paperwork wrong and my cat will be rejected at the airport with no way to fix it in time.,
moving cat from dubai to uk,alphabet-f,1,2026-05-27,UAE (gl=ae),automated,,Oct–Apr,pending-volume,Informational,I'm afraid that the UK's strict import rules mean one missing document will get my cat rejected at the border.,
cat relocation to dubai,alphabet-s; alphabet-t; prefix-can,3,2026-05-27,UAE (gl=ae),automated,,Oct–Apr,pending-volume,Informational,I'm afraid that I'll get the paperwork wrong and my cat will be confiscated at the airport and never given back,
moving cat to dubai,alphabet-t,1,2026-05-27,UAE (gl=ae),automated,,Oct–Apr,pending-volume,Informational,I'm afraid that I don't know where to start and every source says something different about what my cat actually needs.,
taking a cat to dubai,alphabet-t,1,2026-05-27,UAE (gl=ae),automated,,Oct–Apr,pending-volume,Informational,I'm afraid that I'll get the paperwork wrong and my cat will be confiscated at the airport and never given back.,
is it easy to relocate to dubai,alphabet-t; alphabet-u; alphabet-y,3,2026-05-27,UAE (gl=ae),automated,,Oct–Apr,pending-volume,Informational,"I'm afraid that the paperwork, tests, and costs will be so overwhelming I won't know where to start",
can i take my cat to dubai,alphabet-a; alphabet-b; alphabet-c; alphabet-f; alphabet-h; alphabet-i; alphabet-m; alphabet-p; alphabet-t; alphabet-u; alphabet-y; prefix-can; prefix-does; prefix-how; prefix-is; prefix-what; prefix-why; prefix-will,18,2026-05-27,UAE (gl=ae),automated,,Oct–Apr,pending-volume,Informational,I'm afraid that cats aren't allowed into Dubai and I'll have no choice but to leave her behind,
how much does it cost to move to dubai,alphabet-u,1,2026-05-27,UAE (gl=ae),automated,,Oct–Apr,pending-volume,Informational,"I'm afraid that by the time I find out the real cost, I've already been quoted an insane amount with no way to compare",
How much does it cost to move a cat to Dubai?,PAA,1,2026-05-27,UAE (gl=ae),automated,,Oct–Apr,pending-volume,Commercial,I'm afraid that I'm being quoted an insane amount and have no way to know if the price is fair or if I'm being taken advantage of,
Where to take stray cats in Dubai?,PAA,1,2026-05-27,UAE (gl=ae),automated,,Oct–Apr,pending-volume,Informational,"I'm afraid that if I don't find the right place quickly, the stray cat will suffer or disappear before I can help.",
How much does it cost to bring a cat on a plane in Emirates?,PAA,1,2026-05-27,UAE (gl=ae),automated,,Oct–Apr,pending-volume,Commercial,I'm afraid that Emirates will charge an insane amount and I'll have no way to know if the price is fair before it's too late to change plans.,
Cat relocation dubai price,related,1,2026-05-27,UAE (gl=ae),automated,,Oct–Apr,pending-volume,Commercial,I'm afraid that I'm being quoted a ridiculous price and have no way to know if it's fair or if I'm being taken advantage of,
Cat relocation dubai reddit,related,1,2026-05-27,UAE (gl=ae),automated,,Oct–Apr,pending-volume,Research,I'm afraid that every website says something different and I can't find anyone who's actually done this successfully.,
Cat relocation dubai cost,related,1,2026-05-27,UAE (gl=ae),automated,,Oct–Apr,pending-volume,Commercial,I'm afraid that relocation companies are shamelessly overcharging and I have no way to know if the quote I'm getting is fair,
Best cat relocation dubai,related,1,2026-05-27,UAE (gl=ae),automated,,Oct–Apr,pending-volume,Commercial,I'm afraid of handing my cat over to the wrong company and having no way to know if they actually care,
bringing dog to dubai from uk,alphabet-f; alphabet-u; alphabet-y; both; prefix-does; prefix-how; prefix-is; prefix-what; prefix-why; serpapi-autocomplete,10,2026-05-27,UAE (gl=ae),automated,,Oct–Apr,pending-volume,Informational,I'm afraid that I'll get the paperwork wrong and my dog will be taken at the airport and never given back,
bring pets to dubai,both; serpapi-autocomplete,2,2026-05-27,UAE (gl=ae),automated,,Oct–Apr,pending-volume,Informational,I'm afraid that I don't know where to start and every website says something different about what's actually required.,
taking dog to dubai from india,alphabet-f; alphabet-i; alphabet-y; both; serpapi-autocomplete,5,2026-05-27,UAE (gl=ae),automated,,Oct–Apr,pending-volume,Informational,I'm afraid that I'll get the paperwork wrong and my dog will be confiscated at Dubai airport and never given back.,
bring my dog to dubai,alphabet-m; alphabet-y; both; serpapi-autocomplete,4,2026-05-27,UAE (gl=ae),automated,,Oct–Apr,pending-volume,Informational,I'm afraid that I don't know where to start and my dog will be rejected at the airport because I did the wrong paperwork,
bringing your pet to dubai,both; serpapi-autocomplete,2,2026-05-27,UAE (gl=ae),automated,,Oct–Apr,pending-volume,Informational,I'm afraid that I don't know where to start and every website says something different about what's actually required.,
bringing pets to dubai from belarus,alphabet-b; alphabet-f; both; serpapi-autocomplete,4,2026-05-27,UAE (gl=ae),automated,,Oct–Apr,pending-volume,Informational,I'm afraid that I'll get the paperwork wrong for Belarus and my pet will be confiscated at Dubai airport.,
can i bring dog to dubai,alphabet-i; alphabet-y; both; serpapi-autocomplete,4,2026-05-27,UAE (gl=ae),automated,,Oct–Apr,pending-volume,Informational,I'm afraid that dogs aren't allowed into Dubai and I'll have no choice but to leave mine behind,
taking your dog to dubai,alphabet-y; both; serpapi-autocomplete,3,2026-05-27,UAE (gl=ae),automated,,Oct–Apr,pending-volume,Informational,I'm afraid that I'll miss a document or step and my dog will be taken at the airport and never given back.,
bring dog to uae,alphabet-a; alphabet-b; alphabet-c; alphabet-e; alphabet-f; alphabet-h; alphabet-i; alphabet-j; alphabet-l; alphabet-m; alphabet-n; alphabet-p; alphabet-q; alphabet-s; alphabet-t; alphabet-u; alphabet-x; alphabet-y; alphabet-z; serpapi-autocomplete,20,2026-05-27,UAE (gl=ae),automated,,Oct–Apr,pending-volume,Informational,I'm afraid that I'll get the paperwork wrong and my dog will be taken at the airport and never given back.,
bring dog from india to uae,alphabet-a; alphabet-b; alphabet-c; alphabet-e; alphabet-f; alphabet-h; alphabet-i; alphabet-j; alphabet-l; alphabet-n; alphabet-p; alphabet-q; alphabet-s; alphabet-t; alphabet-u; alphabet-x; alphabet-z; prefix-is; serpapi-autocomplete,19,2026-05-27,UAE (gl=ae),automated,,Oct–Apr,pending-volume,Informational,I'm afraid that the paperwork for India-UAE will be wrong and my dog will be taken at the airport and never given back.,
bring dog to dubai,alphabet-e; alphabet-f; alphabet-j; alphabet-l; alphabet-n; alphabet-q; alphabet-x; alphabet-y; alphabet-z; google-unofficial; prefix-can; prefix-does; prefix-is; prefix-what; prefix-why,15,2026-05-27,UAE (gl=ae),automated,,Oct–Apr,pending-volume,Informational,I'm afraid that I'll get the paperwork wrong and my dog will be taken at the airport and never given back,
bring a dog to dubai,alphabet-a,1,2026-05-27,UAE (gl=ae),automated,,Oct–Apr,pending-volume,Informational,I'm afraid that I'll get the paperwork wrong and my dog will be taken at the airport and never given back.,
can you bring a dog to dubai,alphabet-a,1,2026-05-27,UAE (gl=ae),automated,,Oct–Apr,pending-volume,Informational,I'm afraid that dogs aren't allowed into Dubai and I'll have no choice but to leave mine behind,
can i bring my dog from dubai to australia,alphabet-a,1,2026-05-27,UAE (gl=ae),automated,,Oct–Apr,pending-volume,Informational,I'm afraid that flying my dog to Australia will take 8 months and I'll be separated from her for most of the year,
can i take my dog to dubai,alphabet-a; alphabet-h; alphabet-i; alphabet-t; both; prefix-how; prefix-is; prefix-what; prefix-why; serpapi-autocomplete,10,2026-05-27,UAE (gl=ae),automated,,Oct–Apr,pending-volume,Informational,I'm afraid that dogs aren't allowed into Dubai and I'll have no choice but to leave mine behind,
bringing a dog to dubai,alphabet-b; alphabet-c; alphabet-p; alphabet-s; alphabet-u,5,2026-05-27,UAE (gl=ae),automated,,Oct–Apr,pending-volume,Informational,I'm afraid that I'll get the paperwork wrong and my dog will be taken at the airport and never given back,
how can i bring my dog to dubai,alphabet-b; alphabet-f; alphabet-h; alphabet-p; alphabet-s; alphabet-t; alphabet-u; prefix-how; prefix-is; prefix-what; prefix-why,11,2026-05-27,UAE (gl=ae),automated,,Oct–Apr,pending-volume,Informational,I'm afraid that I don't know where to start and nobody I ask actually knows the answer either,
can you bring dog to dubai,alphabet-c; prefix-can; prefix-does,3,2026-05-27,UAE (gl=ae),automated,,Oct–Apr,pending-volume,Informational,I'm afraid that dogs aren't allowed into Dubai and I'll have no choice but to leave mine behind,
can i bring my dog to dubai,alphabet-c; alphabet-i; alphabet-m,3,2026-05-27,UAE (gl=ae),automated,,Oct–Apr,pending-volume,Informational,I'm afraid that when I arrive at the airport my dog will be taken away and never given back,
can i bring my dog to dubai from philippines,alphabet-c; alphabet-f; alphabet-i; alphabet-m; alphabet-p; prefix-can,6,2026-05-27,UAE (gl=ae),automated,,Oct–Apr,pending-volume,Informational,I'm afraid that I'll get the paperwork wrong and my dog will be confiscated at Dubai airport and never given back.,
can i bring my dog to dubai from uk,alphabet-c; alphabet-i; alphabet-m; alphabet-u,4,2026-05-27,UAE (gl=ae),automated,,Oct–Apr,pending-volume,Informational,I'm afraid that I'll get the paperwork wrong and my dog will be taken at the airport and never given back.,
can i bring my dog to dubai from usa,alphabet-c; alphabet-f; alphabet-i; alphabet-m; alphabet-u; prefix-can,6,2026-05-27,UAE (gl=ae),automated,,Oct–Apr,pending-volume,Informational,I'm afraid that I'll miss a document or step and my dog will be taken at the airport and never given back.,
taking dogs to dubai from south africa,alphabet-f; alphabet-s; alphabet-y,3,2026-05-27,UAE (gl=ae),automated,,Oct–Apr,pending-volume,Informational,I'm afraid that the paperwork for South Africa is different and I'll arrive with the wrong documents and my dog gets taken away,
taking pets to dubai from uk,alphabet-f; alphabet-u; alphabet-y,3,2026-05-27,UAE (gl=ae),automated,,Oct–Apr,pending-volume,Informational,I'm afraid that I'll miss a document or step and my pet will be taken at the airport and never given back.,
can you take dogs to dubai from uk,alphabet-f; prefix-can,2,2026-05-27,UAE (gl=ae),automated,,Oct–Apr,pending-volume,Informational,I'm afraid that dogs from the UK aren't allowed into Dubai and I'll have no choice but to leave mine behind,
can we take dogs to dubai from india,alphabet-f; prefix-can,2,2026-05-27,UAE (gl=ae),automated,,Oct–Apr,pending-volume,Informational,I'm afraid that I'll get to the airport and my dog will be taken away because I didn't know the right requirements.,
how to bring dog from india to dubai,alphabet-f; alphabet-i; prefix-how,3,2026-05-27,UAE (gl=ae),automated,,Oct–Apr,pending-volume,Informational,I'm afraid that I'll get the paperwork wrong and my dog will be confiscated at the airport and never given back,
how to bring dog to dubai,alphabet-h; alphabet-t; prefix-how,3,2026-05-27,UAE (gl=ae),automated,,Oct–Apr,pending-volume,Informational,I'm afraid that I'll start the wrong process and missing a document means my dog gets taken at the airport.,
bringing dog into dubai,alphabet-i,1,2026-05-27,UAE (gl=ae),automated,,Oct–Apr,pending-volume,Informational,I'm afraid that I'll get to the airport and my dog will be taken away because I didn't know the right requirements.,
how to bring dog in dubai,alphabet-i,1,2026-05-27,UAE (gl=ae),automated,,Oct–Apr,pending-volume,Informational,I'm afraid that I don't know where to start and every source says something different about what documents I actually need.,
how do i bring my dog to dubai,alphabet-i,1,2026-05-27,UAE (gl=ae),automated,,Oct–Apr,pending-volume,Informational,I'm afraid that I don't know where to start and nobody I ask actually knows the real answer.,
how to bring dog from dubai to philippines,alphabet-p,1,2026-05-27,UAE (gl=ae),automated,,Oct–Apr,pending-volume,Informational,I'm afraid that every website says something different and I won't know which documents are actually required until it's too late.,
bring pet to dubai,alphabet-p; alphabet-y; both; serpapi-autocomplete,4,2026-05-27,UAE (gl=ae),automated,,Oct–Apr,pending-volume,Informational,I'm afraid that I don't know where to start and every website says something different about what's actually required.,
how to bring my dog to dubai,alphabet-t,1,2026-05-27,UAE (gl=ae),automated,,Oct–Apr,pending-volume,Informational,I'm afraid that I don't know where to start and nobody I ask seems to know either,
how to bring your dog to dubai,alphabet-t,1,2026-05-27,UAE (gl=ae),automated,,Oct–Apr,pending-volume,Informational,I'm afraid that I'll get the paperwork wrong and my dog will be confiscated at the airport and never given back.,
taking pets to dubai,alphabet-y,1,2026-05-27,UAE (gl=ae),automated,,Oct–Apr,pending-volume,Informational,I'm afraid that I'll get the paperwork wrong and my pet will be confiscated at the airport and never given back,
how to bring pets to dubai,prefix-how,1,2026-05-27,UAE (gl=ae),automated,,Oct–Apr,pending-volume,Informational,I'm afraid that I don't know where to start and nobody I ask actually knows the right process either,
how to bring dog from philippines to dubai,prefix-how,1,2026-05-27,UAE (gl=ae),automated,,Oct–Apr,pending-volume,Informational,I'm afraid that I'll miss a required document or step and my dog will be confiscated at the airport upon arrival.,
how to bring dog to uae,prefix-how; prefix-what,2,2026-05-27,UAE (gl=ae),automated,,Oct–Apr,pending-volume,Informational,I'm afraid that I'll start the process without knowing the steps and my dog will be rejected or taken at the airport,
can you bring pets to dubai,prefix-can; prefix-does,2,2026-05-27,UAE (gl=ae),automated,,Oct–Apr,pending-volume,Informational,I'm afraid that pets aren't allowed into Dubai and I'll have no choice but to leave mine behind,
can i take dog to dubai,prefix-can; prefix-does,2,2026-05-27,UAE (gl=ae),automated,,Oct–Apr,pending-volume,Informational,I'm afraid that dogs aren't allowed into Dubai and I'll have no choice but to leave mine behind,
can i bring my dog to uae,prefix-can,1,2026-05-27,UAE (gl=ae),automated,,Oct–Apr,pending-volume,Informational,I'm afraid that my dog's breed or documentation will get it confiscated at the airport and never given back.,
can dogs go to dubai,prefix-does; prefix-is,2,2026-05-27,UAE (gl=ae),automated,,Oct–Apr,pending-volume,Informational,I'm afraid that dogs aren't allowed into Dubai and I'll have no choice but to leave mine behind,
bring dogs to uae,prefix-does; prefix-is; prefix-why,3,2026-05-27,UAE (gl=ae),automated,,Oct–Apr,pending-volume,Informational,I'm afraid that I'll get to the airport without the right documents and my dog will be taken away and never given back.,
what do i need to bring my dog to dubai,prefix-what,1,2026-05-27,UAE (gl=ae),automated,,Oct–Apr,pending-volume,Informational,I'm afraid that I'll miss a required document and my dog will be confiscated at the airport and never given back,
what dog breeds are allowed in dubai,prefix-what,1,2026-05-27,UAE (gl=ae),automated,,Oct–Apr,pending-volume,Informational,I'm afraid that my breed is banned in Dubai and I'll find out too late to do anything about it,
Can I bring my pet dog to Dubai?,PAA,1,2026-05-27,UAE (gl=ae),automated,,Oct–Apr,pending-volume,Informational,I'm afraid that I'll arrive in Dubai and my dog will be taken at the airport and never given back.,
How much to bring a dog to the UAE?,PAA,1,2026-05-27,UAE (gl=ae),automated,,Oct–Apr,pending-volume,Commercial,I'm afraid that I'm being quoted an insane amount with no way to know if the price is fair or if I'm being taken advantage of,
Can I bring my dog to live in Dubai?,PAA,1,2026-05-27,UAE (gl=ae),automated,,Oct–Apr,pending-volume,Informational,I'm afraid that I'll start the process wrong and my dog will be rejected or taken at the airport.,
Do Emirates accept dogs?,PAA,1,2026-05-27,UAE (gl=ae),automated,,Oct–Apr,pending-volume,Research,I'm afraid Emirates will reject my dog's breed or size and I'll find out too late to change my plans,
MOCCAE pet import permit,related,1,2026-05-27,UAE (gl=ae),automated,,Year-round,pending-volume,Informational,I'm afraid that I'll make a mistake on the MOCCAE permit and my pet will be confiscated at the airport and never given back.,
Dubai pet import requirements,alphabet-a; alphabet-b; alphabet-c; alphabet-d; alphabet-f; alphabet-g; alphabet-h; alphabet-i; alphabet-j; alphabet-k; alphabet-l; alphabet-n; alphabet-o; alphabet-p; alphabet-s; alphabet-u; alphabet-w; alphabet-x; alphabet-y; alphabet-z; prefix-can; prefix-does; prefix-how; prefix-is; prefix-what; prefix-why; prefix-will; related; serpapi-autocomplete,29,2026-05-27,UAE (gl=ae),automated,,Year-round,pending-volume,Informational,I'm afraid that I'll miss a required document and my pet will be confiscated at the airport and never given back,
MOCCAE pet export permit,related,1,2026-05-27,UAE (gl=ae),automated,,Year-round,pending-volume,Informational,I'm afraid that I'll get the wrong stamp or miss a step and my pet will be confiscated at the airport and never given back.,
Pet import permit UAE,related,1,2026-05-27,UAE (gl=ae),automated,,Year-round,pending-volume,Informational,I'm afraid that I'll get the wrong permit or miss a step and my pet will be confiscated at the airport and never given back.,
Can i take my dog to Dubai on holiday,related,1,2026-05-27,UAE (gl=ae),automated,,Oct–Apr,pending-volume,Informational,I'm afraid that I'll arrive at the airport without the right paperwork and my dog will be taken away and never given back,
Are dogs allowed in dubai airport arrivals,related,1,2026-05-27,UAE (gl=ae),automated,,Oct–Apr,pending-volume,Informational,I'm afraid my dog will be taken at the airport and never given back if I don't have the right paperwork.,
Can I take my dog to Dubai from UK,related,1,2026-05-27,UAE (gl=ae),automated,,Oct–Apr,pending-volume,Informational,I'm afraid that I'll get it wrong and my dog will be taken at the airport and never given back,
import cat to dubai,alphabet-y; both; serpapi-autocomplete,3,2026-05-27,UAE (gl=ae),automated,,Year-round,pending-volume,Informational,I'm afraid that I'll get the paperwork wrong and my cat will be confiscated at the airport and never given back.,
take cat to dubai,alphabet-y; both; serpapi-autocomplete,3,2026-05-27,UAE (gl=ae),automated,,Oct–Apr,pending-volume,Informational,I'm afraid that I'll miss a required document or step and my cat will be confiscated at Dubai airport.,
bring my cat to dubai,alphabet-m; alphabet-y; both; serpapi-autocomplete,4,2026-05-27,UAE (gl=ae),automated,,Oct–Apr,pending-volume,Informational,I'm afraid that I don't know where to start and every source says something different about what my cat actually needs.,
can i bring cat to dubai,alphabet-i; both; prefix-can; prefix-does; prefix-is; prefix-what; prefix-why; prefix-will; serpapi-autocomplete,9,2026-05-27,UAE (gl=ae),automated,,Oct–Apr,pending-volume,Informational,I'm afraid that cats aren't allowed into Dubai and I'll have no choice but to leave mine behind,
bring cat from dubai to uk,alphabet-f; alphabet-u; both; serpapi-autocomplete,4,2026-05-27,UAE (gl=ae),automated,,Oct–Apr,pending-volume,Informational,I'm afraid that I'll get the paperwork wrong and my cat will be rejected or quarantined at the UK border.,
bring my pet to dubai,both; serpapi-autocomplete,2,2026-05-27,UAE (gl=ae),automated,,Oct–Apr,pending-volume,Informational,I'm afraid that I don't know where to start and nobody I ask seems to know either,
can you bring cats to dubai,alphabet-y; both; prefix-can; prefix-does; serpapi-autocomplete,5,2026-05-27,UAE (gl=ae),automated,,Oct–Apr,pending-volume,Informational,I'm afraid that cats aren't allowed into Dubai and I'll have no choice but to leave mine behind,
bringing cat from dubai to australia,alphabet-a; both; serpapi-autocomplete,3,2026-05-27,UAE (gl=ae),automated,,Oct–Apr,pending-volume,Informational,I'm afraid the 8-month process means I'll be separated from my cat for most of the year if I don't start now,
can i bring my cat to dubai from uk,alphabet-f; alphabet-i; alphabet-m; alphabet-u; prefix-can; serpapi-autocomplete,6,2026-05-27,UAE (gl=ae),automated,,Oct–Apr,pending-volume,Informational,I'm afraid that I'll get the paperwork wrong and my cat will be confiscated at Dubai airport and never given back.,
how to bring cat from india to dubai,prefix-how; serpapi-autocomplete,2,2026-05-27,UAE (gl=ae),automated,,Oct–Apr,pending-volume,Informational,I'm afraid that I'll get the paperwork wrong and my cat will be confiscated at Dubai airport and never given back.,
how to bring cat from dubai to philippines,alphabet-p; prefix-how; serpapi-autocomplete,3,2026-05-27,UAE (gl=ae),automated,,Oct–Apr,pending-volume,Informational,I'm afraid that the paperwork is so overwhelming I don't know where to start and my cat gets rejected at the border.,
bring cat to dubai,alphabet-b; alphabet-c; alphabet-e; alphabet-f; alphabet-i; alphabet-j; alphabet-k; alphabet-l; alphabet-n; alphabet-o; alphabet-p; alphabet-u; alphabet-v; alphabet-x; alphabet-y; alphabet-z; google-unofficial; prefix-can; prefix-does; prefix-is; prefix-what; prefix-why; prefix-will,23,2026-05-27,UAE (gl=ae),automated,,Oct–Apr,pending-volume,Informational,I'm afraid that I'll get the paperwork wrong and my cat will be taken at the airport and never given back,
bring a cat to dubai,alphabet-a,1,2026-05-27,UAE (gl=ae),automated,,Oct–Apr,pending-volume,Informational,I'm afraid that I'll get the paperwork wrong and my cat will be confiscated at the airport and never given back.,
can you bring a cat to dubai,alphabet-a; alphabet-c,2,2026-05-27,UAE (gl=ae),automated,,Oct–Apr,pending-volume,Informational,I'm afraid that cats aren't allowed into Dubai and I'll have no choice but to leave mine behind,
bring cat to uae,alphabet-a; alphabet-b; alphabet-c; alphabet-e; alphabet-f; alphabet-h; alphabet-i; alphabet-j; alphabet-k; alphabet-l; alphabet-m; alphabet-n; alphabet-o; alphabet-p; alphabet-t; alphabet-u; alphabet-v; alphabet-x; alphabet-y; alphabet-z; prefix-can; prefix-does; prefix-is; prefix-why; prefix-will,25,2026-05-27,UAE (gl=ae),automated,,Oct–Apr,pending-volume,Informational,I'm afraid that I'll get to the airport with my cat and find out the paperwork is wrong and she gets taken away.,
bring cat to abu dhabi,alphabet-a; alphabet-b; alphabet-c; alphabet-e; alphabet-f; alphabet-h; alphabet-i; alphabet-j; alphabet-k; alphabet-l; alphabet-m; alphabet-n; alphabet-o; alphabet-p; alphabet-t; alphabet-u; alphabet-v; alphabet-x; alphabet-y; alphabet-z; prefix-is,21,2026-05-27,UAE (gl=ae),automated,,Oct–Apr,pending-volume,Informational,I'm afraid that I'll get the paperwork wrong and my cat will be confiscated at the airport and never given back.,
can i bring my cat to dubai,alphabet-c; alphabet-i; alphabet-m,3,2026-05-27,UAE (gl=ae),automated,,Oct–Apr,pending-volume,Informational,I'm afraid that cats aren't allowed into Dubai and I'll have no choice but to leave her behind,
how to bring cat to dubai,alphabet-h; alphabet-t; prefix-how,3,2026-05-27,UAE (gl=ae),automated,,Oct–Apr,pending-volume,Informational,I'm afraid that I'll miss a document or step and my cat will be confiscated at the airport and never given back.,
how to bring your cat to dubai,alphabet-h; alphabet-t; prefix-how,3,2026-05-27,UAE (gl=ae),automated,,Oct–Apr,pending-volume,Informational,I'm afraid that I don't know where to start and every source says something different about what's actually required.,
how to bring cat from dubai to india,alphabet-i,1,2026-05-27,UAE (gl=ae),automated,,Oct–Apr,pending-volume,Informational,I'm afraid I'll get the paperwork wrong and my cat will be rejected at the border or confiscated on arrival in India,
cat to dubai time,alphabet-t,1,2026-05-27,UAE (gl=ae),automated,,Oct–Apr,pending-volume,Informational,I'm afraid that the timeline is longer than I expected and I'll miss my move date or be separated from my cat for months.,
how to bring my cat to dubai,alphabet-t; prefix-how,2,2026-05-27,UAE (gl=ae),automated,,Oct–Apr,pending-volume,Informational,I'm afraid that I don't know where to start and every source says something different about what papers I need,
import pet to dubai,alphabet-y,1,2026-05-27,UAE (gl=ae),automated,,Year-round,pending-volume,Informational,I'm afraid that I'll get the wrong documents and my pet will be confiscated at the airport and never given back,
bringing cat from dubai to uk,alphabet-y,1,2026-05-27,UAE (gl=ae),automated,,Oct–Apr,pending-volume,Informational,I'm afraid that the paperwork won't be accepted at the UK border and my cat will be confiscated or quarantined on arrival.,
how to bring pet to dubai,prefix-how,1,2026-05-27,UAE (gl=ae),automated,,Oct–Apr,pending-volume,Informational,I'm afraid that I don't know where to start and every website says something different about what's actually required,
how to take cat to dubai,prefix-how,1,2026-05-27,UAE (gl=ae),automated,,Oct–Apr,pending-volume,Informational,I'm afraid that I don't know where to start and nobody I ask actually knows what the process is,
how can i bring my cat to dubai,prefix-how,1,2026-05-27,UAE (gl=ae),automated,,Oct–Apr,pending-volume,Informational,I'm afraid that I don't know where to start and nobody I ask actually knows the answer either,
how to bring cat to uae,prefix-how; prefix-what,2,2026-05-27,UAE (gl=ae),automated,,Oct–Apr,pending-volume,Informational,I'm afraid that I don't know where to start and every source says something different about what documents my cat actually needs.,
can i bring my cat to the uae,prefix-can,1,2026-05-27,UAE (gl=ae),automated,,Oct–Apr,pending-volume,Informational,I'm afraid that I'll arrive at the airport with my cat and they'll turn us away because I didn't know the rules.,
how much does it cost to bring a cat to dubai,prefix-does; prefix-will,2,2026-05-27,UAE (gl=ae),automated,,Oct–Apr,pending-volume,Informational,I'm afraid that the cost will be so insane I'll have no way to know if I'm being overcharged or ripped off.,
Can I bring my pet cat to Dubai?,PAA,1,2026-05-27,UAE (gl=ae),automated,,Oct–Apr,pending-volume,Informational,I'm afraid that I'll get to the airport and my cat will be taken away because I didn't know the rules.,
What is the 3-3-3 rule of cats?,PAA,1,2026-05-27,UAE (gl=ae),automated,,Year-round,pending-volume,Informational,I'm afraid that my cat won't adjust and will stay stressed and traumatised long after the move.,
How much does it cost to take my cat to Dubai?,PAA,1,2026-05-27,UAE (gl=ae),automated,,Oct–Apr,pending-volume,Commercial,I'm afraid that companies are shamelessly charging insane amounts and I have no way to know if what I'm quoted is fair,
UAE pet travel requirements,both; related; serpapi-autocomplete,3,2026-05-27,UAE (gl=ae),automated,,Year-round,pending-volume,Informational,I'm afraid that I'll miss one required document and my pet will be confiscated at the airport and never given back,
MOCCAE import permit,related,1,2026-05-27,UAE (gl=ae),automated,,Year-round,pending-volume,Informational,I'm afraid that I'll get the MOCCAE import permit wrong and my dog will be taken at the airport and never given back.,
Emirates pet travel cost,related,1,2026-05-27,UAE (gl=ae),automated,,Oct–Apr,pending-volume,Commercial,I'm afraid that Emirates will charge an insane amount and I'll have no way to know if the price is fair.,
UAE import permit,related,1,2026-05-27,UAE (gl=ae),automated,,Year-round,pending-volume,Informational,I'm afraid that I'll get the wrong permit or miss a step and my pet will be confiscated at the airport and never given back.,
how to move a dog from uk to dubai,alphabet-d; alphabet-f; alphabet-i; alphabet-k; alphabet-u; alphabet-y; both; prefix-how; serpapi-autocomplete,9,2026-05-27,UAE (gl=ae),automated,,Oct–Apr,pending-volume,Informational,I'm afraid that I don't know where to start and every source says something different about what documents I actually need.,
how to move your dog to dubai,alphabet-y; both; prefix-how; serpapi-autocomplete,4,2026-05-27,UAE (gl=ae),automated,,Oct–Apr,pending-volume,Informational,I'm afraid that I don't know where to start and nobody I ask actually knows the right answer,
how to travel with a dog to dubai,alphabet-w; alphabet-y; both; prefix-how; serpapi-autocomplete,5,2026-05-27,UAE (gl=ae),automated,,Oct–Apr,pending-volume,Informational,I'm afraid that I'll get the paperwork wrong and my dog will be taken at the airport and never given back,
how much to ship a dog to dubai,alphabet-m; alphabet-y; both; prefix-how; serpapi-autocomplete,5,2026-05-27,UAE (gl=ae),automated,,Oct–Apr,pending-volume,Commercial,I'm afraid that I'm being quoted an insane amount and have no way to know if the price is fair,
how to transport dog to dubai,alphabet-y; both; prefix-how; serpapi-autocomplete,4,2026-05-27,UAE (gl=ae),automated,,Oct–Apr,pending-volume,Informational,I'm afraid that I don't know where to start and nobody I ask seems to know either,
how much does it cost to move a dog to dubai,alphabet-c; alphabet-d; alphabet-i; alphabet-y; both; prefix-does; prefix-how; serpapi-autocomplete,8,2026-05-27,UAE (gl=ae),automated,,Oct–Apr,pending-volume,Commercial,I'm afraid that I'm being quoted a ridiculous price and have no way to know if it's fair or if I'm being taken advantage of,
how to travel with pet to dubai,alphabet-y; both; serpapi-autocomplete,3,2026-05-27,UAE (gl=ae),automated,,Oct–Apr,pending-volume,Informational,I'm afraid that I don't know where to start and every website says something different about what's actually required,
how do i move my dog to dubai,alphabet-c; alphabet-d; alphabet-f; alphabet-h; alphabet-i; alphabet-k; alphabet-m; alphabet-n; alphabet-q; alphabet-s; alphabet-u; alphabet-v; alphabet-w; alphabet-x; alphabet-y; prefix-how; prefix-is; serpapi-autocomplete,18,2026-05-27,UAE (gl=ae),automated,,Oct–Apr,pending-volume,Informational,"I'm afraid that nobody knows the right answer and every source says something different, so I'll make a mistake that costs my dog everything",
how to bring a dog to dubai,serpapi-autocomplete,1,2026-05-27,UAE (gl=ae),automated,,Oct–Apr,pending-volume,Informational,I'm afraid that I don't know where to start and nobody I ask actually knows the right answer,
how to bring a dog to abu dhabi,alphabet-n; serpapi-autocomplete,2,2026-05-27,UAE (gl=ae),automated,,Oct–Apr,pending-volume,Informational,I'm afraid that I'll start the process without knowing the right steps and my dog gets rejected at the airport,
how to transfer dog ownership in dubai,alphabet-n; serpapi-autocomplete,2,2026-05-27,UAE (gl=ae),automated,,Oct–Apr,pending-volume,Informational,"I'm afraid that if I get the ownership transfer wrong, my dog won't be legally recognised as mine and will be confiscated at the airport.",
how to move a dog to dubai,alphabet-c; alphabet-d; alphabet-f; alphabet-h; alphabet-i; alphabet-k; alphabet-n; alphabet-q; alphabet-s; alphabet-u; alphabet-v; alphabet-x; alphabet-y; google-unofficial; prefix-can; prefix-does; prefix-how; prefix-is; prefix-what; prefix-why; prefix-will,21,2026-05-27,UAE (gl=ae),automated,,Oct–Apr,pending-volume,Informational,I'm afraid that I don't know where to start and every source says something different about what's actually required,
how much to move a dog to dubai,alphabet-c; alphabet-f; alphabet-k; alphabet-m; alphabet-q; alphabet-s; alphabet-u; alphabet-v,8,2026-05-27,UAE (gl=ae),automated,,Oct–Apr,pending-volume,Commercial,I'm afraid that relocation companies are shamelessly charging an insane amount and I have no way to know if the price is fair.,
how to move my dog to dubai,alphabet-m,1,2026-05-27,UAE (gl=ae),automated,,Oct–Apr,pending-volume,Informational,I'm afraid that I don't know where to start and every source says something different about what my dog actually needs.,
how to transport my dog to dubai,alphabet-m,1,2026-05-27,UAE (gl=ae),automated,,Oct–Apr,pending-volume,Informational,I'm afraid that I don't know where to start and nobody I ask actually knows the right answer,
how to move to dubai with a dog,alphabet-w,1,2026-05-27,UAE (gl=ae),automated,,Oct–Apr,pending-volume,Informational,I'm afraid that nobody actually knows the full process and I'll start too late with the wrong paperwork,
how to import a dog to dubai,alphabet-y,1,2026-05-27,UAE (gl=ae),automated,,Year-round,pending-volume,Informational,I'm afraid that I don't know where to start and every source says something different about what documents I actually need.,
can you move a dog to dubai,prefix-can; prefix-does,2,2026-05-27,UAE (gl=ae),automated,,Oct–Apr,pending-volume,Informational,I'm afraid that dogs aren't actually allowed into Dubai and I'll have no choice but to leave mine behind.,
what to do with a dog in dubai,prefix-what,1,2026-05-27,UAE (gl=ae),automated,,Oct–Apr,pending-volume,Informational,I'm afraid that nobody knows the process and I'll end up at the airport with the wrong paperwork and my dog gets taken away,
How much does it cost to move a dog to Dubai?,PAA,1,2026-05-27,UAE (gl=ae),automated,,Oct–Apr,pending-volume,Commercial,I'm afraid that I'm being quoted an insane amount and have no way to know if the price is fair or if I'm being taken advantage of,
Can I take my dog if I move to Dubai?,PAA,1,2026-05-27,UAE (gl=ae),automated,,Oct–Apr,pending-volume,Informational,"I'm afraid that when I move to Dubai, I'll find out my dog can't come and I'll have to leave her behind.",
How to transfer a dog to Dubai?,PAA,1,2026-05-27,UAE (gl=ae),automated,,Oct–Apr,pending-volume,Informational,I'm afraid that I don't know where to start and every website says something different about what's actually required.,
How to move a dog to dubai from pakistan,related,1,2026-05-27,UAE (gl=ae),automated,,Oct–Apr,pending-volume,Informational,I'm afraid that the paperwork requirements from Pakistan are different and I'll miss a document nobody told me about,
How to move a dog to dubai from india,related,1,2026-05-27,UAE (gl=ae),automated,,Oct–Apr,pending-volume,Informational,I'm afraid that I'll get the paperwork wrong and my dog will be confiscated at the airport and never given back,
How to move a dog to dubai from uk,related,1,2026-05-27,UAE (gl=ae),automated,,Oct–Apr,pending-volume,Informational,I'm afraid that I'll miss a step in the UK-to-Dubai process and my dog gets rejected or confiscated at the airport,
How to move a dog to dubai from usa,related,1,2026-05-27,UAE (gl=ae),automated,,Oct–Apr,pending-volume,Informational,I'm afraid that I'll miss a critical document or step and my dog will be confiscated at Dubai airport,
dubai pet import,alphabet-a; alphabet-b; alphabet-d; alphabet-g; alphabet-h; alphabet-i; alphabet-j; alphabet-k; alphabet-l; alphabet-n; alphabet-o; alphabet-s; alphabet-u; alphabet-w; alphabet-x; alphabet-y; alphabet-z,17,2026-05-27,UAE (gl=ae),automated,,Year-round,pending-volume,Informational,I'm afraid that I'll get the wrong paperwork and my pet will be confiscated at the airport and never given back,
uae pet import regulations,alphabet-a; alphabet-b; alphabet-c; alphabet-d; alphabet-f; alphabet-g; alphabet-h; alphabet-i; alphabet-j; alphabet-k; alphabet-l; alphabet-n; alphabet-o; alphabet-p; alphabet-q; alphabet-s; alphabet-t; alphabet-u; alphabet-v; alphabet-w; alphabet-x; alphabet-y; alphabet-z; both; prefix-can; prefix-does; prefix-how; prefix-what; prefix-why; prefix-will; serpapi-autocomplete,31,2026-05-27,UAE (gl=ae),automated,,Year-round,pending-volume,Informational,"I'm afraid that I'll miss a regulation, get the wrong paperwork, and my pet will be taken at the airport and never given back",
dubai pet rules,alphabet-a; alphabet-b; alphabet-g; alphabet-h; alphabet-i; alphabet-k; alphabet-l; alphabet-o; alphabet-s; alphabet-u; alphabet-w; alphabet-y,12,2026-05-27,UAE (gl=ae),automated,,Year-round,pending-volume,Informational,I'm afraid that I'll get the rules wrong and my pet will be taken at the airport and never given back,
dubai import dog,alphabet-d; alphabet-j; alphabet-x,3,2026-05-27,UAE (gl=ae),automated,,Year-round,pending-volume,Informational,I'm afraid that I'll get the paperwork wrong and my dog will be taken at the airport and never given back.,
importing pets into new zealand,alphabet-n; alphabet-z,2,2026-05-27,UAE (gl=ae),automated,,Year-round,pending-volume,Informational,I'm afraid that the New Zealand requirements are so strict and the timeline so long that I'll miss my move date entirely.,
How do I import pets into the UAE?,PAA,1,2026-05-27,UAE (gl=ae),automated,,Year-round,pending-volume,Informational,I'm afraid that I'll start the process wrong and end up with missing documents that get my pet rejected at the airport,
How many pets can I take to Dubai?,PAA,1,2026-05-27,UAE (gl=ae),automated,,Oct–Apr,pending-volume,Informational,"I'm afraid that I'll arrive at the airport and be told only some of my pets are allowed through, leaving me no choice.",
What are the rules for pets in UAE?,PAA,1,2026-05-27,UAE (gl=ae),automated,,Year-round,pending-volume,Informational,I'm afraid that I'll miss a critical rule and my pet will be confiscated at the airport before I even know what went wrong,
Does Emirates allow pets in cargo?,PAA,1,2026-05-27,UAE (gl=ae),automated,,Oct–Apr,pending-volume,Research,I'm afraid Emirates will reject my pet for cargo and I'll find out too late to make other arrangements,
Pet import permit UAE MOCCAE,related,1,2026-05-27,UAE (gl=ae),automated,,Year-round,pending-volume,Informational,I'm afraid that I'll get the MOCCAE permit wrong and my pet will be taken at the airport and never given back,
UAE pet import,alphabet-b; alphabet-c; alphabet-f; alphabet-g; alphabet-h; alphabet-j; alphabet-k; alphabet-o; alphabet-p; alphabet-q; alphabet-s; alphabet-t; alphabet-u; alphabet-v; alphabet-w; alphabet-x; alphabet-y; alphabet-z; related; serpapi-autocomplete,20,2026-05-27,UAE (gl=ae),automated,,Year-round,pending-volume,Informational,I'm afraid that I'll miss a required step in the UAE import process and my pet will be confiscated at the airport.,
Import permit dubai,related,1,2026-05-27,UAE (gl=ae),automated,,Year-round,pending-volume,Informational,I'm afraid that I'll get the import permit wrong and my pet will be confiscated at the airport and never given back.,
pet relocation companies,alphabet-y; both; prefix-what; serpapi-autocomplete,4,2026-05-27,UAE (gl=ae),automated,,Oct–Apr,pending-volume,Commercial,I'm afraid of handing my pet over to the wrong company and losing control of their welfare,
best pet relocation services abu dhabi,alphabet-b; alphabet-g; alphabet-h; alphabet-i; alphabet-k; alphabet-n; alphabet-q; alphabet-v; alphabet-x; alphabet-y; alphabet-z; prefix-can; prefix-does; prefix-how; prefix-is; prefix-what; prefix-why; prefix-will; serpapi-autocomplete,19,2026-05-27,UAE (gl=ae),automated,,Oct–Apr,pending-volume,Commercial,I'm afraid of handing my pet over to the wrong company in Abu Dhabi and having no way to know if they actually care,
best pet relocation company in dubai,alphabet-i,1,2026-05-27,UAE (gl=ae),automated,,Oct–Apr,pending-volume,Commercial,I'm afraid of handing my pet over to the wrong company and being overcharged with no guarantee they actually care,
Best pet relocation company dubai reviews,related,1,2026-05-27,UAE (gl=ae),automated,,Oct–Apr,pending-volume,Commercial,I'm afraid of handing my pet over to the wrong company and finding out too late they can't be trusted,
Best pet relocation company dubai reddit,related,1,2026-05-27,UAE (gl=ae),automated,,Oct–Apr,pending-volume,Research,I'm afraid that every company sounds good online but real owners on Reddit know which ones actually failed their pets,
Best pet relocation company dubai contact number,related,1,2026-05-27,UAE (gl=ae),automated,,Oct–Apr,pending-volume,Transactional,I'm afraid of handing my pet over to the wrong company and losing control of their welfare entirely,
How much do pet sitters charge in Dubai?,PAA,1,2026-05-27,UAE (gl=ae),automated,,Oct–Apr,pending-volume,Informational,I'm afraid that pet sitters in Dubai charge insane amounts and I have no way to know if the price is fair.,
Pet relocation dubai cost reddit,related,1,2026-05-27,UAE (gl=ae),automated,,Oct–Apr,pending-volume,Research,I'm afraid that relocation companies are shamelessly overcharging and I'll only find out after it's too late.,
Pet relocation dubai cost from india,related,1,2026-05-27,UAE (gl=ae),automated,,Oct–Apr,pending-volume,Commercial,I'm afraid that relocation companies are shamelessly overcharging and I have no way to know if the quote I'm getting is fair.,
Sandy Paws pet relocation,related,1,2026-05-27,UAE (gl=ae),automated,,Oct–Apr,pending-volume,Research,I'm afraid of handing my pet over to the wrong company and losing control of their welfare to strangers.,
how to fly a dog to dubai,alphabet-y; both; serpapi-autocomplete,3,2026-05-27,UAE (gl=ae),automated,,Oct–Apr,pending-volume,Informational,I'm afraid that I'll miss a document or step and my dog will be taken at the airport and never given back,
is fly dubai pet friendly,alphabet-g; alphabet-l; alphabet-x; alphabet-y; prefix-how; serpapi-autocomplete,6,2026-05-27,UAE (gl=ae),automated,,Oct–Apr,pending-volume,Research,I'm afraid Fly Dubai will reject my pet and I'll find out too late to change my plans,
is it safe to fly in flydubai,alphabet-g; alphabet-l; alphabet-x; alphabet-y; serpapi-autocomplete,5,2026-05-27,UAE (gl=ae),automated,,Oct–Apr,pending-volume,Fear,I'm afraid my pet will suffer in cargo on flydubai and I'll have no idea if they're okay.,
is fly dubai airlines safe,alphabet-g; alphabet-l; alphabet-x; alphabet-y; serpapi-autocomplete,5,2026-05-27,UAE (gl=ae),automated,,Oct–Apr,pending-volume,Fear,I'm afraid my pet will suffer on a budget airline that doesn't have proper care or handling procedures.,
is it safe to fly from dubai to istanbul,alphabet-g; alphabet-x; alphabet-y; serpapi-autocomplete,4,2026-05-27,UAE (gl=ae),automated,,Oct–Apr,pending-volume,Fear,I'm afraid my pet will suffer in cargo and I won't know if they're okay during the flight.,
is it safe to fly to dubai now,alphabet-g; alphabet-x,2,2026-05-27,UAE (gl=ae),automated,,Oct–Apr,pending-volume,Fear,I'm afraid that my pet will suffer in cargo and I won't know if they're okay during the flight.,
is flydubai safe to travel,alphabet-l; alphabet-y,2,2026-05-27,UAE (gl=ae),automated,,Oct–Apr,pending-volume,Fear,I'm afraid my pet will suffer on flydubai and I won't know if they're okay until it's too late.,
how much is it to fly a dog to dubai,prefix-how,1,2026-05-27,UAE (gl=ae),automated,,Oct–Apr,pending-volume,Commercial,I'm afraid that I'm being quoted an insane amount and have no way to know if the price is fair,
how safe is it to fly dogs in airplanes,prefix-how,1,2026-05-27,UAE (gl=ae),automated,,Oct–Apr,pending-volume,Fear,I'm afraid my dog will suffer and be traumatised in cargo and I won't know if she's okay.,
how safe is it to fly with your dog,prefix-how,1,2026-05-27,UAE (gl=ae),automated,,Oct–Apr,pending-volume,Fear,I'm afraid my dog will suffer in the hold and be too stressed and traumatised to recover.,
Can I take my dog on a plane to Dubai?,PAA,1,2026-05-27,UAE (gl=ae),automated,,Oct–Apr,pending-volume,Informational,I'm afraid my dog will be rejected at the airport because I didn't know the rules before booking.,
Is it unsafe for dogs to fly?,PAA,1,2026-05-27,UAE (gl=ae),automated,,Oct–Apr,pending-volume,Fear,I'm afraid my dog will suffer in cargo and I won't know if she's okay until it's too late.,
Is fly Dubai pet friendly?,PAA,1,2026-05-27,UAE (gl=ae),automated,,Oct–Apr,pending-volume,Research,I'm afraid that flydubai will reject my pet at check-in and I'll find out too late to change my booking,
Which Airlines are pet friendly in UAE?,PAA,1,2026-05-27,UAE (gl=ae),automated,,Oct–Apr,pending-volume,Research,I'm afraid Emirates will reject my breed or weight class and I'll find out too late to change my plans,
Is it safe to fly a dog to dubai from india,related,1,2026-05-27,UAE (gl=ae),automated,,Oct–Apr,pending-volume,Fear,I'm afraid my dog will suffer in cargo and I won't know if she's okay during the flight.,
Is it safe to fly a dog to dubai without,related,1,2026-05-27,UAE (gl=ae),automated,,Oct–Apr,pending-volume,Fear,I'm afraid my dog will be confiscated at the airport or suffer in cargo without the right documents.,
Is it safe to fly a dog to dubai reddit,related,1,2026-05-27,UAE (gl=ae),automated,,Oct–Apr,pending-volume,Research,I'm afraid my dog will suffer and be too anxious in cargo and I won't know if she's okay,
Is it safe to fly a dog to dubai during,related,1,2026-05-27,UAE (gl=ae),automated,,Oct–Apr,pending-volume,Fear,I'm afraid my dog will suffer in cargo and I won't know if she's okay during the flight,
Is it safe to fly a dog to dubai from usa,related,1,2026-05-27,UAE (gl=ae),automated,,Oct–Apr,pending-volume,Fear,I'm afraid my dog will suffer in cargo and I won't know if she's okay until we land.,
emirates pet relocation,alphabet-g; alphabet-h; alphabet-k; alphabet-n; alphabet-q; alphabet-v; alphabet-x; alphabet-z,8,2026-05-27,UAE (gl=ae),automated,,Oct–Apr,pending-volume,Research,I'm afraid that Emirates will reject my breed or weight class and I'll find out too late to make other plans,
emergency rescue dubai,alphabet-g; alphabet-h; alphabet-k; alphabet-n; alphabet-x,5,2026-05-27,UAE (gl=ae),automated,,Oct–Apr,pending-volume,Urgency,I'm afraid it's already too late and no company can move fast enough to save my pet's situation,
pet relocation door to door,alphabet-g; alphabet-h; alphabet-k; alphabet-q; alphabet-v; alphabet-z,6,2026-05-27,UAE (gl=ae),automated,,Oct–Apr,pending-volume,Commercial,I'm afraid that the company handles the paperwork and airport part but leaves me stranded at the other end with no help.,
Where can I leave my dog in Dubai?,PAA,1,2026-05-27,UAE (gl=ae),automated,,Oct–Apr,pending-volume,Fear,I'm afraid that I'll have no choice but to leave my dog behind because I can't sort the paperwork in time.,
Emergency pet relocation dubai cost,related,1,2026-05-27,UAE (gl=ae),automated,,Oct–Apr,pending-volume,Urgency,I'm afraid that emergency pricing means I'm being charged an insane amount with no time to compare or negotiate,
Blue Sky Pet Relocation,related,1,2026-05-27,UAE (gl=ae),automated,,Oct–Apr,pending-volume,Research,I'm afraid that I'll hand my pet over to the wrong company and lose all control of their welfare to strangers.,COMPETITOR — research needed
pet relocation uae to uk,alphabet-b; alphabet-f; alphabet-h; alphabet-n; alphabet-q; alphabet-t; alphabet-v; alphabet-x; alphabet-y; alphabet-z; prefix-can; prefix-does; prefix-how; prefix-is; prefix-what; prefix-why; prefix-will; serpapi-autocomplete,18,2026-05-27,UAE (gl=ae),automated,,Oct–Apr,pending-volume,Commercial,I'm afraid the timeline to the UK is so long I'll be separated from my pet for months while I've already moved.,
pet relocation from uae,alphabet-b; alphabet-c; alphabet-d; alphabet-e; alphabet-f; alphabet-g; alphabet-h; alphabet-i; alphabet-k; alphabet-l; alphabet-m; alphabet-n; alphabet-o; alphabet-p; alphabet-q; alphabet-r; alphabet-t; alphabet-v; alphabet-w; alphabet-x; alphabet-y; alphabet-z; prefix-can; prefix-does; prefix-how; prefix-is; prefix-what; prefix-why; prefix-will; serpapi-autocomplete,30,2026-05-27,UAE (gl=ae),automated,,Oct–Apr,pending-volume,Informational,I'm afraid that I don't know where to start and every source says something different about what I need to leave the UAE with my pet,
cost to fly dog from dubai to uk,prefix-what; prefix-why,2,2026-05-27,UAE (gl=ae),automated,,Oct–Apr,pending-volume,Commercial,I'm afraid I'm being quoted an insane amount and have no way to know if the price is fair for this route,
Can I bring my dog from Dubai to the UK?,PAA,1,2026-05-27,UAE (gl=ae),automated,,Oct–Apr,pending-volume,Informational,I'm afraid that the UK has requirements I don't know about and my dog will be rejected or quarantined at the border.,
How much does it cost to send a cat from Dubai to the UK?,PAA,1,2026-05-27,UAE (gl=ae),automated,,Oct–Apr,pending-volume,Commercial,I'm afraid that I'm being quoted an insane amount and have no way to know if the price is fair or if I'm being taken advantage of,
Can I relocate my dog to the UK?,PAA,1,2026-05-27,UAE (gl=ae),automated,,Oct–Apr,pending-volume,Informational,I'm afraid that the UK has strict rules I don't know about and my dog won't be allowed in.,
How much does it cost to move a dog to the UK?,PAA,1,2026-05-27,UAE (gl=ae),automated,,Oct–Apr,pending-volume,Commercial,I'm afraid I'll be quoted an insane amount with no way to know if the price is fair or I'm being taken advantage of.,
pet relocation south africa to dubai,alphabet-b; alphabet-c; alphabet-d; alphabet-e; alphabet-f; alphabet-g; alphabet-h; alphabet-i; alphabet-j; alphabet-k; alphabet-l; alphabet-m; alphabet-n; alphabet-o; alphabet-p; alphabet-q; alphabet-r; alphabet-t; alphabet-v; alphabet-w; alphabet-x; alphabet-y; alphabet-z,23,2026-05-27,UAE (gl=ae),automated,,Oct–Apr,pending-volume,Research,I'm afraid that the documents required between South Africa and Dubai are different and nobody here knows what they are,
how much does it cost to transport pets overseas,prefix-does,1,2026-05-27,UAE (gl=ae),automated,,Oct–Apr,pending-volume,Commercial,I'm afraid that relocation companies are shamelessly charging insane amounts and I have no way to know if the price is fair.,
Can I move my dog to South Africa?,PAA,1,2026-05-27,UAE (gl=ae),automated,,Oct–Apr,pending-volume,Informational,I'm afraid that the South Africa route has requirements I don't know about and my dog will be rejected at the border.,
How much does it cost to transport a dog in South Africa?,PAA,1,2026-05-27,UAE (gl=ae),automated,,Oct–Apr,pending-volume,Commercial,I'm afraid that I'm being quoted an insane amount with no way to know if the price is fair or if I'm being taken advantage of.,
How much does it cost to take a dog to South Africa?,PAA,1,2026-05-27,UAE (gl=ae),automated,,Oct–Apr,pending-volume,Commercial,I'm afraid I'm being quoted an insane amount and have no way to know if the price is fair or if I'm being taken advantage of.,
What is the market demand for pet sitting in South Africa?,PAA,1,2026-05-27,UAE (gl=ae),automated,,Oct–Apr,pending-volume,Informational,I'm afraid that there's no reliable market data and I'll make business decisions based on guesswork.,
Pet relocation from dubai to south africa requirements,related,1,2026-05-27,UAE (gl=ae),automated,,Year-round,pending-volume,Informational,I'm afraid that I'll miss a South Africa-specific requirement and my pet gets rejected or confiscated at the border,
Pet relocation from dubai to south africa price,related,1,2026-05-27,UAE (gl=ae),automated,,Oct–Apr,pending-volume,Commercial,I'm afraid that relocation companies are shamelessly charging an insane amount and I have no way to know if the price is fair,
Cheapest pet relocation from dubai to south africa,related,1,2026-05-27,UAE (gl=ae),automated,,Oct–Apr,pending-volume,Commercial,"I'm afraid that the cheapest option will cut corners on my pet's welfare and documents, and I'll regret it at the border.",
Pet relocation from dubai to south africa cost,related,1,2026-05-27,UAE (gl=ae),automated,,Oct–Apr,pending-volume,Commercial,I'm afraid that companies will charge an insane amount for South Africa and I have no way to know if the price is fair,
MOCCAE,related,1,2026-05-27,UAE (gl=ae),automated,,Year-round,pending-volume,Research,I'm afraid that I'll start the MOCCAE process too late and my certificate won't be ready before my move date.,
how much does it cost to move pets to australia,both; prefix-can; prefix-does; prefix-how; prefix-is; prefix-what; prefix-why; prefix-will; serpapi-autocomplete,9,2026-05-27,UAE (gl=ae),automated,,Oct–Apr,pending-volume,Commercial,I'm afraid that the cost will be insane and I'll be separated from my pet for months while paying ridiculous prices,
how much does it cost to move a dog to australia,both; prefix-can; prefix-does; prefix-how; prefix-is; prefix-what; prefix-why; prefix-will; serpapi-autocomplete,9,2026-05-27,UAE (gl=ae),automated,,Oct–Apr,pending-volume,Commercial,I'm afraid the cost will be so insane that I'll have no choice but to leave my dog behind,
how much does it cost to move a cat to australia,both; prefix-how; prefix-what; prefix-why; serpapi-autocomplete,5,2026-05-27,UAE (gl=ae),automated,,Oct–Apr,pending-volume,Commercial,I'm afraid that the cost will be so insane that I'll have no choice but to leave my cat behind,
can you move pets to australia,prefix-can; prefix-is; prefix-what,3,2026-05-27,UAE (gl=ae),automated,,Oct–Apr,pending-volume,Informational,I'm afraid that Australia's requirements are so strict that moving my pet there is actually impossible.,
pet relocation uae,prefix-does; prefix-what,2,2026-05-27,UAE (gl=ae),automated,,Oct–Apr,pending-volume,Informational,I'm afraid that I don't know where to start and every source says something different about what's actually required,
Can I take my dog from Dubai to Australia?,PAA,1,2026-05-27,UAE (gl=ae),automated,,Oct–Apr,pending-volume,Informational,I'm afraid that the 8-month process means I'll be separated from my dog for most of the year,
How much does it cost to relocate a dog to Australia?,PAA,1,2026-05-27,UAE (gl=ae),automated,,Oct–Apr,pending-volume,Commercial,I'm afraid that relocation companies will quote me an insane amount and I'll have no way to know if it's fair,
What is the relocation allowance for UAE?,PAA,1,2026-05-27,UAE (gl=ae),automated,,Oct–Apr,pending-volume,Informational,I'm afraid that my employer's relocation package won't cover pet transport costs and I'll be stuck paying insane amounts myself,
Can I take my cat to Dubai from Australia?,PAA,1,2026-05-27,UAE (gl=ae),automated,,Oct–Apr,pending-volume,Informational,I'm afraid that the 8-month process means I'll be separated from my cat far longer than I expected,
Pet relocation from dubai to australia reddit,related,1,2026-05-27,UAE (gl=ae),automated,,Oct–Apr,pending-volume,Research,I'm afraid that the 8-month timeline to Australia means I'll be separated from my pet for most of the year,
Pet relocation from dubai to australia price,related,1,2026-05-27,UAE (gl=ae),automated,,Oct–Apr,pending-volume,Commercial,I'm afraid the cost will be insane and the 8-month timeline means I'll be separated from my pet for most of the year,
Pet relocation from dubai to australia cost,related,1,2026-05-27,UAE (gl=ae),automated,,Oct–Apr,pending-volume,Commercial,I'm afraid the cost will be insane and the 8-month timeline means I'll be separated from my pet for most of the year,
Cheapest pet relocation from dubai to australia,related,1,2026-05-27,UAE (gl=ae),automated,,Oct–Apr,pending-volume,Commercial,I'm afraid that the cheapest option will cut corners on my pet's care and something terrible will happen in cargo.,
blue sky pets relocation services,alphabet-a; alphabet-b; alphabet-c; alphabet-d; alphabet-e; alphabet-f; alphabet-g; alphabet-h; alphabet-i; alphabet-j; alphabet-k; alphabet-l; alphabet-m; alphabet-n; alphabet-o; alphabet-p; alphabet-q; alphabet-r; alphabet-t; alphabet-u; alphabet-v; alphabet-w; alphabet-x; alphabet-y; alphabet-z; prefix-can; prefix-does; prefix-how; prefix-is; prefix-what; prefix-why; prefix-will; serpapi-autocomplete,33,2026-05-27,UAE (gl=ae),automated,,Oct–Apr,pending-volume,Research,I'm afraid of choosing the wrong company and handing my pet over to strangers who don't actually care about her safety,COMPETITOR — research needed
blue sky pets relocation,alphabet-a; alphabet-b; alphabet-c; alphabet-d; alphabet-e; alphabet-f; alphabet-g; alphabet-h; alphabet-i; alphabet-j; alphabet-k; alphabet-l; alphabet-m; alphabet-n; alphabet-o; alphabet-p; alphabet-q; alphabet-r; alphabet-t; alphabet-u; alphabet-v; alphabet-w; alphabet-x; alphabet-y; alphabet-z; prefix-can; prefix-does; prefix-how; prefix-is; prefix-what; prefix-why; prefix-will; serpapi-autocomplete,33,2026-05-27,UAE (gl=ae),automated,,Oct–Apr,pending-volume,Research,I'm afraid of handing my pet over to the wrong company and losing all control of what happens to them,COMPETITOR — research needed
pet relocation service dubai,alphabet-b; alphabet-c; alphabet-d; alphabet-e; alphabet-g; alphabet-h; alphabet-j; alphabet-l; alphabet-m; alphabet-o; alphabet-p; alphabet-t; alphabet-z; prefix-is; serpapi-autocomplete,15,2026-05-27,UAE (gl=ae),automated,,Oct–Apr,pending-volume,Commercial,I'm afraid that I'll hand my pet over to the wrong company and have no way to know if they actually care,
pet relocation service uae,alphabet-y,1,2026-05-27,UAE (gl=ae),automated,,Oct–Apr,pending-volume,Commercial,I'm afraid of handing my pet over to the wrong company and having no control over what happens to them,
dubai pet relocation,prefix-how,1,2026-05-27,UAE (gl=ae),automated,,Oct–Apr,pending-volume,Informational,I'm afraid that I don't know where to start and every source says something different about what's actually required,
sky express pet policy,prefix-can,1,2026-05-27,UAE (gl=ae),automated,,Year-round,pending-volume,Research,I'm afraid Sky Express will reject my breed or weight class and I'll find out too late to change plans.,
can i buy an extra plane ticket for my dog,prefix-can,1,2026-05-27,UAE (gl=ae),automated,,Oct–Apr,pending-volume,Research,I'm afraid there's no option for my large dog and cargo is the only choice no matter how much I pay.,
What is the best pet travel company?,PAA,1,2026-05-27,UAE (gl=ae),automated,,Oct–Apr,pending-volume,Commercial,I'm afraid of handing my pet over to the wrong company and being scammed by strangers who don't care about her welfare,
Can you move your pet to Dubai?,PAA,1,2026-05-27,UAE (gl=ae),automated,,Oct–Apr,pending-volume,Informational,I'm afraid that I don't know where to start and nobody — not even the vet — can tell me what's actually required.,
Jet pets Dubai,related,1,2026-05-27,UAE (gl=ae),automated,,Oct–Apr,pending-volume,Research,I'm afraid of choosing the wrong company and handing my pet over to strangers who don't deliver proper care,
Snoopy pets Dubai,related,1,2026-05-27,UAE (gl=ae),automated,,Oct–Apr,pending-volume,Research,I'm afraid of choosing the wrong company and handing my pet over to strangers I can't trust.,
why are there no dogs in dubai,alphabet-r; both; serpapi-autocomplete,3,2026-05-27,UAE (gl=ae),automated,,Oct–Apr,pending-volume,Informational,I'm afraid that Dubai has rules I don't understand yet and my dog might not be allowed at all.,
can you have pet dogs in dubai,alphabet-y; both; serpapi-autocomplete,3,2026-05-27,UAE (gl=ae),automated,,Oct–Apr,pending-volume,Informational,I'm afraid that dogs aren't actually allowed in Dubai and I'll have no choice but to leave mine behind.,
what pets are allowed in dubai,both; prefix-can; prefix-does; prefix-is; serpapi-autocomplete,5,2026-05-27,UAE (gl=ae),automated,,Oct–Apr,pending-volume,Informational,I'm afraid that my pet's breed or species isn't allowed in Dubai and I'll find out too late to make other plans.,
are pets allowed in emirates,alphabet-c; alphabet-i; alphabet-p; alphabet-u; both; serpapi-autocomplete,6,2026-05-27,UAE (gl=ae),automated,,Oct–Apr,pending-volume,Research,I'm afraid Emirates will reject my breed or weight and I'll find out too late to change my plans,
jetset pets trading llc,alphabet-c; alphabet-h; alphabet-k; alphabet-n; alphabet-o; alphabet-p; alphabet-w; alphabet-x; alphabet-y; alphabet-z; serpapi-autocomplete,11,2026-05-27,UAE (gl=ae),automated,,Oct–Apr,pending-volume,Research,I'm afraid of choosing the wrong company and handing my pet over to strangers I can't trust.,COMPETITOR — research needed
jetset pets trading,alphabet-c; alphabet-k; alphabet-n; alphabet-o; alphabet-p; alphabet-w; alphabet-y; serpapi-autocomplete,8,2026-05-27,UAE (gl=ae),automated,,Oct–Apr,pending-volume,Research,I'm afraid of handing my pet over to the wrong company and losing control of their welfare to strangers.,COMPETITOR — research needed
jetset pets pet relocation dubai reviews,alphabet-h; alphabet-r; alphabet-x; alphabet-y; alphabet-z; related,6,2026-05-27,UAE (gl=ae),automated,,Oct–Apr,pending-volume,Research,I'm afraid of handing my pet over to the wrong company and finding out too late they can't be trusted,COMPETITOR — research needed
private jet to dubai cost,alphabet-p,1,2026-05-27,UAE (gl=ae),automated,,Oct–Apr,pending-volume,Commercial,I'm afraid that the cost will be insane and I'll have no way to know if I'm being overcharged or taken advantage of.,
private jet parking cost in dubai,alphabet-p,1,2026-05-27,UAE (gl=ae),automated,,Oct–Apr,pending-volume,Informational,I'm afraid that the parking fees will be so high they make the total relocation cost completely unmanageable.,
dubai pet policy,alphabet-p; alphabet-r,2,2026-05-27,UAE (gl=ae),automated,,Year-round,pending-volume,Informational,I'm afraid that I'll misunderstand Dubai's pet policy and my dog will be confiscated at the airport and never given back.,
emirates flight pet policy,alphabet-a; alphabet-b; alphabet-f; alphabet-p; alphabet-r; alphabet-t,6,2026-05-27,UAE (gl=ae),automated,,Year-round,pending-volume,Research,I'm afraid Emirates will reject my breed or weight class and I'll find out too late to change my plans,
is dubai pet friendly,alphabet-r,1,2026-05-27,UAE (gl=ae),automated,,Oct–Apr,pending-volume,Informational,I'm afraid that Dubai won't accept my pet at all and I'll have no choice but to leave them behind,
jetset pets reviews,alphabet-r,1,2026-05-27,UAE (gl=ae),automated,,Oct–Apr,pending-volume,Research,I'm afraid of choosing the wrong company and handing my pet over to strangers who don't care about her welfare,COMPETITOR — research needed
how much does a hamster cost in uae,alphabet-y,1,2026-05-27,UAE (gl=ae),automated,,Oct–Apr,pending-volume,Informational,I'm afraid that exotic or small pets like hamsters are invisible to the system and nobody actually helps with non-cat-dog pets.,
how much is a hamster in uae,alphabet-y,1,2026-05-27,UAE (gl=ae),automated,,Oct–Apr,pending-volume,Informational,"I'm afraid that once I find a hamster here, I'll discover there's no clear process or support for relocating small exotic pets later.",
What happened to the pets in Dubai?,PAA,1,2026-05-27,UAE (gl=ae),automated,,Oct–Apr,pending-volume,Informational,I'm afraid that pets in Dubai are being abandoned in huge numbers and nobody is talking about it.,
What exotic animals can you own in Dubai?,PAA,1,2026-05-27,UAE (gl=ae),automated,,Oct–Apr,pending-volume,Informational,I'm afraid that my exotic pet is invisible to the system and nobody has clear answers about what's actually allowed.,
How much does a pet passport cost in UAE?,PAA,1,2026-05-27,UAE (gl=ae),automated,,Year-round,pending-volume,Informational,"I'm afraid that by the time I find out the real cost, I'll have already been quoted an insane amount with no way to know if it's fair.",
Jetset pets dubai reviews,related,1,2026-05-27,UAE (gl=ae),automated,,Oct–Apr,pending-volume,Research,I'm afraid of handing my pet over to the wrong company and losing all control of their welfare to strangers,COMPETITOR — research needed
Jetset pets dubai address,related,1,2026-05-27,UAE (gl=ae),automated,,Oct–Apr,pending-volume,Research,I'm afraid of choosing the wrong company and handing my pet over to strangers I can't verify or trust.,COMPETITOR — research needed
Carry my pet Dubai,alphabet-a; alphabet-b; alphabet-c; alphabet-d; alphabet-e; alphabet-f; alphabet-g; alphabet-h; alphabet-i; alphabet-j; alphabet-k; alphabet-l; alphabet-m; alphabet-n; alphabet-o; alphabet-p; alphabet-q; alphabet-r; alphabet-s; alphabet-t; alphabet-u; alphabet-v; alphabet-w; alphabet-x; alphabet-z; related,26,2026-05-27,UAE (gl=ae),automated,,Oct–Apr,pending-volume,Informational,I'm afraid my pet won't qualify for cabin travel and I'll find out too late to make other arrangements,COMPETITOR — research needed
dkc pet relocation,alphabet-a; alphabet-b; alphabet-c; alphabet-d; alphabet-e; alphabet-f; alphabet-g; alphabet-h; alphabet-i; alphabet-j; alphabet-k; alphabet-l; alphabet-m; alphabet-n; alphabet-o; alphabet-p; alphabet-q; alphabet-r; alphabet-s; alphabet-t; alphabet-u; alphabet-v; alphabet-w; alphabet-x; alphabet-y; alphabet-z; prefix-can; prefix-does; prefix-how; prefix-is; prefix-what; prefix-why; prefix-will; serpapi-autocomplete,34,2026-05-27,UAE (gl=ae),automated,,Oct–Apr,pending-volume,Research,I'm afraid of choosing the wrong company and handing my pet over to strangers I can't trust or verify.,COMPETITOR — research needed
dkc relocations,alphabet-a; alphabet-b; alphabet-c; alphabet-d; alphabet-e; alphabet-f; alphabet-g; alphabet-h; alphabet-i; alphabet-j; alphabet-k; alphabet-l; alphabet-m; alphabet-n; alphabet-o; alphabet-p; alphabet-q; alphabet-r; alphabet-s; alphabet-t; alphabet-u; alphabet-v; alphabet-w; alphabet-x; alphabet-y; alphabet-z; prefix-can; prefix-does; prefix-how; prefix-is; prefix-what; prefix-why; prefix-will; related; serpapi-autocomplete,35,2026-05-27,UAE (gl=ae),automated,,Oct–Apr,pending-volume,Research,I'm afraid of choosing the wrong company and handing my pet over to strangers I can't trust.,COMPETITOR — research needed
dkc relocations dubai,alphabet-a; alphabet-b; alphabet-c; alphabet-d; alphabet-e; alphabet-f; alphabet-g; alphabet-h; alphabet-i; alphabet-j; alphabet-k; alphabet-l; alphabet-m; alphabet-n; alphabet-o; alphabet-p; alphabet-q; alphabet-r; alphabet-s; alphabet-t; alphabet-u; alphabet-v; alphabet-w; alphabet-x; alphabet-y; alphabet-z; prefix-can; prefix-does; prefix-how; prefix-is; prefix-what; prefix-why; prefix-will; serpapi-autocomplete,34,2026-05-27,UAE (gl=ae),automated,,Oct–Apr,pending-volume,Research,I'm afraid of choosing the wrong company and handing my pet over to strangers I can't trust.,COMPETITOR — research needed
dkc pet,alphabet-a; alphabet-b; alphabet-c; alphabet-d; alphabet-e; alphabet-f; alphabet-g; alphabet-h; alphabet-i; alphabet-j; alphabet-k; alphabet-l; alphabet-m; alphabet-n; alphabet-o; alphabet-p; alphabet-q; alphabet-r; alphabet-s; alphabet-t; alphabet-u; alphabet-v; alphabet-w; alphabet-x; alphabet-y; alphabet-z; prefix-does; prefix-what; prefix-will; serpapi-autocomplete,30,2026-05-27,UAE (gl=ae),automated,,Oct–Apr,pending-volume,Research,I'm afraid of choosing the wrong company and losing control of my pet's welfare to strangers.,COMPETITOR — research needed
relocations dkc ae,prefix-can; prefix-how; prefix-is; prefix-why,4,2026-05-27,UAE (gl=ae),automated,,Oct–Apr,pending-volume,Research,I'm afraid of choosing the wrong company and handing my pet over to strangers who don't care about their welfare,COMPETITOR — research needed
can dogs live in dubai,prefix-is,1,2026-05-27,UAE (gl=ae),automated,,Oct–Apr,pending-volume,Informational,I'm afraid that Dubai has rules I don't know about and my dog won't be allowed to stay long-term,
Dkc pet relocation dubai reviews,related,1,2026-05-27,UAE (gl=ae),automated,,Oct–Apr,pending-volume,Research,I'm afraid of handing my pet over to the wrong company and losing all control of their welfare to strangers,COMPETITOR — research needed
DKC dubai,related,1,2026-05-27,UAE (gl=ae),automated,,Oct–Apr,pending-volume,Research,I'm afraid of choosing the wrong company and losing control of my pet's welfare to strangers I can't verify.,COMPETITOR — research needed
carry my pet dubai photos,alphabet-a; alphabet-b; alphabet-c; alphabet-d; alphabet-e; alphabet-f; alphabet-g; alphabet-h; alphabet-i; alphabet-j; alphabet-k; alphabet-l; alphabet-m; alphabet-n; alphabet-o; alphabet-p; alphabet-q; alphabet-r; alphabet-s; alphabet-t; alphabet-u; alphabet-v; alphabet-w; alphabet-x; alphabet-y; alphabet-z; both; serpapi-autocomplete,28,2026-05-27,UAE (gl=ae),automated,,Oct–Apr,pending-volume,Research,I'm afraid that the company looks professional online but I'll hand my pet over to strangers and lose all control.,COMPETITOR — research needed
carry my pet uae,alphabet-a; alphabet-b; alphabet-c; alphabet-d; alphabet-e; alphabet-f; alphabet-g; alphabet-h; alphabet-i; alphabet-j; alphabet-k; alphabet-l; alphabet-m; alphabet-n; alphabet-o; alphabet-p; alphabet-q; alphabet-r; alphabet-s; alphabet-t; alphabet-u; alphabet-v; alphabet-w; alphabet-x; alphabet-y; alphabet-z; serpapi-autocomplete,27,2026-05-27,UAE (gl=ae),automated,,Oct–Apr,pending-volume,Informational,I'm afraid that my pet will be rejected from cabin and forced into cargo where they'll suffer alone.,COMPETITOR — research needed
carry my pet india,alphabet-a; alphabet-b; alphabet-d; alphabet-f; alphabet-g; alphabet-h; alphabet-i; alphabet-k; alphabet-m; alphabet-n; alphabet-o; alphabet-p; alphabet-t; alphabet-u; alphabet-v; alphabet-w; alphabet-x; alphabet-y; serpapi-autocomplete,19,2026-05-27,UAE (gl=ae),automated,,Oct–Apr,pending-volume,Informational,I'm afraid that the paperwork and requirements for India are so complicated that I'll make a mistake and my pet will be rejected at the border.,COMPETITOR — research needed
carrymypet dubai,alphabet-y; google-unofficial,2,2026-05-27,UAE (gl=ae),automated,,Oct–Apr,pending-volume,Research,I'm afraid of choosing the wrong company and handing my pet over to strangers I can't trust.,COMPETITOR — research needed
carry my pet relocation services llc,alphabet-c; alphabet-e; alphabet-j; alphabet-l; alphabet-q; alphabet-r; alphabet-s; alphabet-z,8,2026-05-27,UAE (gl=ae),automated,,Oct–Apr,pending-volume,Research,I'm afraid of choosing the wrong company and handing my pet over to strangers who don't actually care about her safety.,COMPETITOR — research needed
five palm jumeirah dubai price per night,alphabet-p,1,2026-05-27,UAE (gl=ae),automated,,Oct–Apr,pending-volume,Informational,I'm afraid that the cost of temporary accommodation while sorting pet relocation paperwork will spiral beyond what I budgeted.,
dubai aed rate,alphabet-p; alphabet-r,2,2026-05-27,UAE (gl=ae),automated,,Oct–Apr,pending-volume,Informational,I'm afraid that hidden fees and currency conversion will make the total cost far higher than the quoted price.,
dubai aed into rupees,alphabet-r,1,2026-05-27,UAE (gl=ae),automated,,Oct–Apr,pending-volume,Informational,I'm afraid that the total cost will be far higher than I expected once I convert it into rupees.,
how much is 40000 aed in dubai,alphabet-y,1,2026-05-27,UAE (gl=ae),automated,,Oct–Apr,pending-volume,Informational,I'm afraid that I'm being charged an insane amount and have no way to know if the price is fair for pet relocation in Dubai.,
How to take pets from the UAE to India?,PAA,1,2026-05-27,UAE (gl=ae),automated,,Oct–Apr,pending-volume,Informational,I'm afraid that every source says something different and I won't know which documents are actually required until it's too late.,
Carrymypet dubai reviews,related,1,2026-05-27,UAE (gl=ae),automated,,Oct–Apr,pending-volume,Research,I'm afraid of handing my pet over to the wrong company and losing all control of their welfare,COMPETITOR — research needed
Carrymypet dubai price,related,1,2026-05-27,UAE (gl=ae),automated,,Oct–Apr,pending-volume,Research,I'm afraid that Carrymypet will quote me an insane amount and I'll have no way to know if it's fair,COMPETITOR — research needed
Carrymypet dubai office,related,1,2026-05-27,UAE (gl=ae),automated,,Oct–Apr,pending-volume,Research,I'm afraid of choosing the wrong company and handing my pet over to strangers I can't trust or verify.,COMPETITOR — research needed
Carrymypet dubai contact number,related,1,2026-05-27,UAE (gl=ae),automated,,Oct–Apr,pending-volume,Research,I'm afraid of choosing the wrong company and losing control of my pet's welfare,COMPETITOR — research needed
Carrymypet dubai address,related,1,2026-05-27,UAE (gl=ae),automated,,Oct–Apr,pending-volume,Research,I'm afraid of choosing the wrong company and losing control of my pet's welfare,COMPETITOR — research needed
Carrymypet dubai phone number,related,1,2026-05-27,UAE (gl=ae),automated,,Oct–Apr,pending-volume,Research,I'm afraid of choosing the wrong company and losing control of my pet's welfare,COMPETITOR — research needed
emirates pet policy in cabin,alphabet-i; both; serpapi-autocomplete,3,2026-05-27,UAE (gl=ae),automated,,Year-round,pending-volume,Research,I'm afraid Emirates will reject my breed or weight and I'll find out too late to change my plans,
emirates pet policy international,alphabet-i; both; related; serpapi-autocomplete,4,2026-05-27,UAE (gl=ae),automated,,Year-round,pending-volume,Research,I'm afraid Emirates will reject my breed or weight class and I'll only find out too late to change my plans,
emirates pet policy cargo,alphabet-c; both; serpapi-autocomplete,3,2026-05-27,UAE (gl=ae),automated,,Year-round,pending-volume,Research,I'm afraid Emirates will reject my breed or weight and I'll be forced to put my dog in cargo with no other option.,
emirates pet policy business class,alphabet-b; alphabet-c; both; serpapi-autocomplete,4,2026-05-27,UAE (gl=ae),automated,,Year-round,pending-volume,Research,I'm afraid Emirates will reject my breed or size in business class and I'll find out too late to rebook.,
emirates pet policy from india to usa,alphabet-f; alphabet-i; alphabet-t; alphabet-u; both; serpapi-autocomplete,6,2026-05-27,UAE (gl=ae),automated,,Year-round,pending-volume,Research,I'm afraid Emirates will reject my breed or weight class and I'll find out too late to change my flight plans.,
emirates pet policy cat,alphabet-c; both; related; serpapi-autocomplete,4,2026-05-27,UAE (gl=ae),automated,,Year-round,pending-volume,Research,I'm afraid Emirates will reject my cat's breed or weight and I'll find out too late to change my plans,
emirates pet policy price,alphabet-p; both; serpapi-autocomplete,3,2026-05-27,UAE (gl=ae),automated,,Year-round,pending-volume,Research,I'm afraid Emirates will charge insane amounts and I'll find out too late that a cheaper option existed,
emirates dog policy,both; serpapi-autocomplete,2,2026-05-27,UAE (gl=ae),automated,,Year-round,pending-volume,Research,I'm afraid Emirates will reject my breed or weight class and I'll find out too late to make other plans,
emirates animal policy,both; serpapi-autocomplete,2,2026-05-27,UAE (gl=ae),automated,,Year-round,pending-volume,Research,I'm afraid Emirates will reject my breed or weight class and I'll find out too late to change my plans.,
emirates dog policy international,alphabet-i; serpapi-autocomplete,2,2026-05-27,UAE (gl=ae),automated,,Year-round,pending-volume,Research,I'm afraid Emirates will reject my breed or size and I'll find out too late to change my plans.,
emirates dog policy in cabin,alphabet-c; alphabet-i; serpapi-autocomplete,3,2026-05-27,UAE (gl=ae),automated,,Year-round,pending-volume,Research,I'm afraid Emirates will only allow service dogs in cabin and my dog will have no option except cargo,
uae pet policy,serpapi-autocomplete,1,2026-05-27,UAE (gl=ae),automated,,Year-round,pending-volume,Informational,I'm afraid that I'll misunderstand the UAE pet policy and show up at the airport with the wrong documents and my pet gets taken away.,
emirates pet fee,serpapi-autocomplete,1,2026-05-27,UAE (gl=ae),automated,,Oct–Apr,pending-volume,Research,"I'm afraid that after paying so much, Emirates will treat my pet terribly and I'll have no recourse",
emirates pet rules,serpapi-autocomplete,1,2026-05-27,UAE (gl=ae),automated,,Year-round,pending-volume,Research,I'm afraid Emirates will reject my breed or weight class and I'll find out too late to change my travel plans,
emirates pet travel policy,alphabet-a; alphabet-b; alphabet-f; alphabet-g; alphabet-i; alphabet-k; alphabet-m; alphabet-p; alphabet-q; alphabet-t; alphabet-u; alphabet-x; alphabet-y; serpapi-autocomplete,14,2026-05-27,UAE (gl=ae),automated,,Year-round,pending-volume,Research,I'm afraid Emirates will reject my breed or weight class and I'll find out too late to change my plans,
emirates pet policy,alphabet-a; alphabet-b; alphabet-c; alphabet-f; alphabet-p; alphabet-t; alphabet-u; google-unofficial,8,2026-05-27,UAE (gl=ae),automated,,Year-round,pending-volume,Research,I'm afraid Emirates will reject my breed or weight class and I'll find out too late to change my plans,
emirates airlines pet policy,alphabet-a; alphabet-b; alphabet-f; alphabet-i; alphabet-p; alphabet-t,6,2026-05-27,UAE (gl=ae),automated,,Year-round,pending-volume,Research,I'm afraid Emirates will reject my breed or weight class and I'll find out too late to change my plans,
emirates airlines pet policy international,alphabet-a,1,2026-05-27,UAE (gl=ae),automated,,Year-round,pending-volume,Research,I'm afraid Emirates will reject my breed or weight class and I'll only find out too late to change my plans,
emirates airlines pet travel policy,alphabet-a,1,2026-05-27,UAE (gl=ae),automated,,Year-round,pending-volume,Research,I'm afraid Emirates will reject my breed or weight class and I'll find out too late to change my plans.,
does emirates allow pets,alphabet-a; alphabet-c; alphabet-u,3,2026-05-27,UAE (gl=ae),automated,,Oct–Apr,pending-volume,Research,I'm afraid Emirates will reject my breed or size and I'll find out too late to change my plans,
is emirates pet friendly,alphabet-a; alphabet-b; alphabet-c; alphabet-f; alphabet-i; alphabet-p; alphabet-t; alphabet-u,8,2026-05-27,UAE (gl=ae),automated,,Oct–Apr,pending-volume,Research,I'm afraid Emirates will reject my breed or weight class and I'll find out too late to change my plans.,
emirates pet restrictions,alphabet-a; alphabet-f; alphabet-g; alphabet-k; alphabet-m; alphabet-u; alphabet-x; alphabet-y,8,2026-05-27,UAE (gl=ae),automated,,Oct–Apr,pending-volume,Research,I'm afraid Emirates will reject my breed or weight class and I'll only find out too late to change my plans,
emirates pet embargo,alphabet-a; alphabet-b; alphabet-g; alphabet-p; alphabet-q; alphabet-u; alphabet-y,7,2026-05-27,UAE (gl=ae),automated,,Oct–Apr,pending-volume,Research,I'm afraid Emirates will announce an embargo last minute and I'll have no time to rebook my pet on another flight,
are pets allowed on emirates flights,alphabet-b; alphabet-c; alphabet-f; alphabet-i; alphabet-t,5,2026-05-27,UAE (gl=ae),automated,,Oct–Apr,pending-volume,Research,I'm afraid Emirates will reject my breed or weight class and I'll find out too late to change my plans,
emirates pet booking,alphabet-b,1,2026-05-27,UAE (gl=ae),automated,,Oct–Apr,pending-volume,Research,I'm afraid Emirates will reject my pet last minute and I won't find out until it's too late to change plans,
emirates pet excess baggage requirements,alphabet-b; alphabet-m; alphabet-x,3,2026-05-27,UAE (gl=ae),automated,,Year-round,pending-volume,Research,I'm afraid Emirates will reject my pet's weight or breed and I'll find out too late to change my plans,
emirates pet policy cabin,alphabet-c,1,2026-05-27,UAE (gl=ae),automated,,Year-round,pending-volume,Research,I'm afraid Emirates will reject my breed or weight and I'll find out too late to change my plans,
emirates pet cargo charges,alphabet-c,1,2026-05-27,UAE (gl=ae),automated,,Oct–Apr,pending-volume,Commercial,I'm afraid that Emirates will charge me an insane amount and I'll have no way to know if the price is fair before it's too late to switch airlines.,
emirates pet cargo fee,alphabet-c,1,2026-05-27,UAE (gl=ae),automated,,Oct–Apr,pending-volume,Research,I'm afraid that I'll pay the Emirates cargo fee and still end up with a terrible experience and no support when things go wrong,
emirates pet cargo prices,alphabet-c,1,2026-05-27,UAE (gl=ae),automated,,Oct–Apr,pending-volume,Commercial,I'm afraid that Emirates will charge an insane amount and I'll have no way to know if the price is fair until it's too late.,
emirates pet cargo cost,alphabet-c,1,2026-05-27,UAE (gl=ae),automated,,Oct–Apr,pending-volume,Commercial,I'm afraid that Emirates will charge an insane amount and I'll have paid so much money for terrible service with no recourse.,
emirates pet check in,alphabet-c,1,2026-05-27,UAE (gl=ae),automated,,Oct–Apr,pending-volume,Research,I'm afraid Emirates will reject my pet at check-in and I'll find out too late to make other arrangements,
emirates pet policy international flights,alphabet-f,1,2026-05-27,UAE (gl=ae),automated,,Year-round,pending-volume,Research,I'm afraid Emirates will reject my breed or weight class and I'll find out too late to change my plans,
fly emirates pet policy,alphabet-f,1,2026-05-27,UAE (gl=ae),automated,,Year-round,pending-volume,Research,I'm afraid Emirates will reject my breed or weight and I'll find out too late to change my plans,
emirates pet flight,alphabet-f,1,2026-05-27,UAE (gl=ae),automated,,Oct–Apr,pending-volume,Research,I'm afraid Emirates will reject my breed or weight at check-in and I'll find out too late to change plans,
emirates pets policy,alphabet-g; alphabet-k; alphabet-m; alphabet-q; alphabet-x; alphabet-y,6,2026-05-27,UAE (gl=ae),automated,,Year-round,pending-volume,Research,I'm afraid that Emirates will reject my breed or weight class and I'll only find out too late to change my plans.,
emirates pet price,alphabet-g; alphabet-k; alphabet-m; alphabet-p; alphabet-u,5,2026-05-27,UAE (gl=ae),automated,,Oct–Apr,pending-volume,Commercial,I'm afraid that Emirates will charge an insane amount and I'll have no way to know if the price is fair before it's too late to switch airlines.,
pet policy in emirates,alphabet-i,1,2026-05-27,UAE (gl=ae),automated,,Year-round,pending-volume,Research,I'm afraid Emirates will reject my breed or weight and I'll find out too late to change my plans.,
emirates pet in hold,alphabet-i,1,2026-05-27,UAE (gl=ae),automated,,Oct–Apr,pending-volume,Research,I'm afraid my dog will suffer alone in the hold and I won't know if she's okay until we land,
emirates pet in cargo,alphabet-i,1,2026-05-27,UAE (gl=ae),automated,,Oct–Apr,pending-volume,Research,I'm afraid my dog will suffer alone in the cargo hold and I won't know if she's okay,
emirates pet import,alphabet-i; alphabet-k,2,2026-05-27,UAE (gl=ae),automated,,Year-round,pending-volume,Research,I'm afraid that Emirates will reject my breed or weight class and I'll find out too late to change my plans,
emirates pet plus,alphabet-p,1,2026-05-27,UAE (gl=ae),automated,,Oct–Apr,pending-volume,Research,I'm afraid Emirates will reject my breed or weight class and I'll find out too late to change my plans.,
emirates pet carrier,alphabet-q,1,2026-05-27,UAE (gl=ae),automated,,Oct–Apr,pending-volume,Research,I'm afraid Emirates will reject my carrier size or breed and I'll find out too late to change plans,
emirates pet travel requirements international,alphabet-q,1,2026-05-27,UAE (gl=ae),automated,,Year-round,pending-volume,Research,I'm afraid Emirates will reject my breed or weight class and I'll find out too late to change my plans,
emirates dog travel policy,alphabet-t,1,2026-05-27,UAE (gl=ae),automated,,Year-round,pending-volume,Research,I'm afraid Emirates will reject my breed or weight class and I'll find out too late to change my plans.,
emirates pet travel rules,alphabet-t; alphabet-y,2,2026-05-27,UAE (gl=ae),automated,,Year-round,pending-volume,Research,I'm afraid Emirates will reject my breed or weight class and I'll find out too late to change my plans,
emirates pet ticket price,alphabet-t,1,2026-05-27,UAE (gl=ae),automated,,Oct–Apr,pending-volume,Commercial,I'm afraid that Emirates will charge an insane amount and I'll have no way to know if the price is fair.,
emirates pet tickets,alphabet-t,1,2026-05-27,UAE (gl=ae),automated,,Oct–Apr,pending-volume,Research,I'm afraid Emirates will reject my breed or size and I'll find out too late to change my plans,
emirates airline dog policy,alphabet-u,1,2026-05-27,UAE (gl=ae),automated,,Year-round,pending-volume,Research,I'm afraid Emirates will reject my breed or weight class and I'll find out too late to change my plans,
emirates pet excess baggage,alphabet-x,1,2026-05-27,UAE (gl=ae),automated,,Oct–Apr,pending-volume,Research,I'm afraid Emirates will reject my pet as excess baggage and I'll find out too late to make other arrangements,
Does Emirates allow pets?,PAA,1,2026-05-27,UAE (gl=ae),automated,,Oct–Apr,pending-volume,Research,I'm afraid Emirates will reject my breed or weight class and I'll find out too late to change my plans,
How much does it cost to fly a pet on Emirates?,PAA,1,2026-05-27,UAE (gl=ae),automated,,Oct–Apr,pending-volume,Commercial,I'm afraid that Emirates will charge an insane amount and I'll find out too late that a cheaper option existed.,
Which UAE airlines allow pets in-cabin?,PAA,1,2026-05-27,UAE (gl=ae),automated,,Oct–Apr,pending-volume,Research,I'm afraid my breed will be rejected at check-in and I'll find out there's no cabin option for my pet at all.,
What are the rules for flying with your pet?,PAA,1,2026-05-27,UAE (gl=ae),automated,,Year-round,pending-volume,Informational,I'm afraid that every website says something different and I won't know which rules actually apply until it's too late.,
Emirates pet travel requirements,related,1,2026-05-27,UAE (gl=ae),automated,,Year-round,pending-volume,Research,I'm afraid that Emirates will reject my breed or weight class and I'll only find out at check-in when it's too late.,
Emirates pet checked baggage,related,1,2026-05-27,UAE (gl=ae),automated,,Oct–Apr,pending-volume,Research,I'm afraid Emirates will reject my pet at check-in and I'll find out too late to make other arrangements,
Emirates pet cargo contact number,related,1,2026-05-27,UAE (gl=ae),automated,,Oct–Apr,pending-volume,Research,I'm afraid that Emirates won't respond in time and I'll find out my pet is rejected just hours before the flight.,
Emirates pet travel form,related,1,2026-05-27,UAE (gl=ae),automated,,Oct–Apr,pending-volume,Research,I'm afraid Emirates will reject my breed or weight class and I'll only find out when it's too late to change plans,
Emirates pet cargo reviews,related,1,2026-05-27,UAE (gl=ae),automated,,Oct–Apr,pending-volume,Research,I'm afraid that Emirates will be a terrible experience and I'll have paid so much money for awful service with no recourse,
etihad pet travel in cabin,alphabet-h; alphabet-i; alphabet-k; alphabet-n; alphabet-q; alphabet-x; alphabet-y; both; related; serpapi-autocomplete,10,2026-05-27,UAE (gl=ae),automated,,Oct–Apr,pending-volume,Research,I'm afraid Etihad will cancel or switch my flight to one that doesn't accept pets in cabin and I'll find out too late,
etihad pet travel cost,alphabet-a; alphabet-c; alphabet-f; alphabet-g; alphabet-h; alphabet-i; alphabet-j; alphabet-k; alphabet-m; alphabet-n; alphabet-p; alphabet-q; alphabet-r; alphabet-u; alphabet-v; alphabet-w; alphabet-x; alphabet-y; alphabet-z; both; serpapi-autocomplete,21,2026-05-27,UAE (gl=ae),automated,,Oct–Apr,pending-volume,Research,"I'm afraid that after paying so much money, Etihad will take advantage of my desperation and charge insane amounts with terrible service",
etihad pet travel policy,alphabet-a; alphabet-c; alphabet-f; alphabet-g; alphabet-h; alphabet-i; alphabet-j; alphabet-k; alphabet-m; alphabet-n; alphabet-p; alphabet-q; alphabet-r; alphabet-u; alphabet-v; alphabet-w; alphabet-x; alphabet-y; alphabet-z; both; serpapi-autocomplete,21,2026-05-27,UAE (gl=ae),automated,,Year-round,pending-volume,Research,I'm afraid Etihad will cancel or change my booking last minute and I won't get approval until hours before takeoff,
etihad pet travel form,alphabet-f; alphabet-n; alphabet-y; both; serpapi-autocomplete,5,2026-05-27,UAE (gl=ae),automated,,Oct–Apr,pending-volume,Research,I'm afraid that I won't receive approval until hours before takeoff and the flight will go ahead without my pet,
etihad pet travel requirements,alphabet-a; alphabet-c; alphabet-f; alphabet-g; alphabet-h; alphabet-i; alphabet-j; alphabet-k; alphabet-m; alphabet-n; alphabet-p; alphabet-q; alphabet-r; alphabet-u; alphabet-v; alphabet-w; alphabet-x; alphabet-y; alphabet-z; both; related; serpapi-autocomplete,22,2026-05-27,UAE (gl=ae),automated,,Year-round,pending-volume,Research,I'm afraid Etihad will cancel or change my booking last minute and I'll find out only hours before takeoff,
etihad pet travel review,alphabet-a; alphabet-c; alphabet-f; alphabet-g; alphabet-h; alphabet-i; alphabet-j; alphabet-k; alphabet-m; alphabet-n; alphabet-p; alphabet-q; alphabet-r; alphabet-u; alphabet-v; alphabet-w; alphabet-x; alphabet-y; alphabet-z; both; serpapi-autocomplete,21,2026-05-27,UAE (gl=ae),automated,,Oct–Apr,pending-volume,Research,"I'm afraid that Etihad will take my money, give no service, and I won't get approval until hours before takeoff",
etihad pet travel cargo,alphabet-c; alphabet-n; alphabet-y; both; serpapi-autocomplete,5,2026-05-27,UAE (gl=ae),automated,,Oct–Apr,pending-volume,Research,"I'm afraid Etihad will take my money, give terrible service, and my pet will suffer in cargo with no one checking on them.",
etihad pet travel rules,alphabet-n; alphabet-r; alphabet-y; both; serpapi-autocomplete,5,2026-05-27,UAE (gl=ae),automated,,Year-round,pending-volume,Research,I'm afraid Etihad will cancel or change my booking last minute and I won't get approval until hours before takeoff,
etihad dog travel,alphabet-n; alphabet-y; both; serpapi-autocomplete,4,2026-05-27,UAE (gl=ae),automated,,Oct–Apr,pending-volume,Research,I'm afraid Etihad will cancel or change my flight last minute and my dog gets refused with no time to fix it,
etihad pet transport,alphabet-n; alphabet-y; serpapi-autocomplete,3,2026-05-27,UAE (gl=ae),automated,,Oct–Apr,pending-volume,Research,I'm afraid Etihad will cancel or change my flight last minute and my pet gets refused with no backup plan,
etihad pet travel,alphabet-f; alphabet-g; alphabet-j; alphabet-m; alphabet-n; alphabet-p; alphabet-r; alphabet-u; alphabet-v; alphabet-y; alphabet-z; google-unofficial,12,2026-05-27,UAE (gl=ae),automated,,Oct–Apr,pending-volume,Research,I'm afraid Etihad will cancel or change my flight last minute and my pet gets refused with no time to fix it,
etihad airways pet travel,alphabet-a,1,2026-05-27,UAE (gl=ae),automated,,Oct–Apr,pending-volume,Research,I'm afraid that Etihad will approve my booking too late or cancel and swap to a flight that doesn't accept pets,
etihad airways pet travel policy,alphabet-a,1,2026-05-27,UAE (gl=ae),automated,,Year-round,pending-volume,Research,I'm afraid Etihad will cancel or change my booking last minute and I won't get approval until hours before takeoff,
etihad travel with a pet,alphabet-a,1,2026-05-27,UAE (gl=ae),automated,,Oct–Apr,pending-volume,Research,I'm afraid Etihad will cancel or change my flight last minute and my pet gets refused with no time to fix it,
etihad pet policy,alphabet-a; alphabet-c; alphabet-f; alphabet-i; alphabet-p; alphabet-r; alphabet-w,7,2026-05-27,UAE (gl=ae),automated,,Year-round,pending-volume,Research,I'm afraid Etihad will cancel or change my booking last minute and I won't get approval until hours before takeoff,
etihad airlines pet policy,alphabet-a; alphabet-c; alphabet-f; alphabet-i; alphabet-p; alphabet-r; alphabet-w,7,2026-05-27,UAE (gl=ae),automated,,Year-round,pending-volume,Research,I'm afraid Etihad will cancel or change my booking last minute and I won't get approval until hours before takeoff,
does etihad allow pets in cabin,alphabet-a; alphabet-c; alphabet-f; alphabet-i; alphabet-p; alphabet-r; alphabet-w,7,2026-05-27,UAE (gl=ae),automated,,Oct–Apr,pending-volume,Research,I'm afraid Etihad will cancel or swap my flight last minute and my pet won't be allowed on the replacement aircraft,
etihad pet travel cabin,alphabet-c,1,2026-05-27,UAE (gl=ae),automated,,Oct–Apr,pending-volume,Research,I'm afraid Etihad will cancel or change my flight last minute and my pet won't be allowed in cabin after I've already paid,
etihad travel with pet,alphabet-w,1,2026-05-27,UAE (gl=ae),automated,,Oct–Apr,pending-volume,Research,I'm afraid Etihad will cancel or switch my flight last minute and my pet gets refused with no time to fix it,
etihad travel with pet in cabin,alphabet-w,1,2026-05-27,UAE (gl=ae),automated,,Oct–Apr,pending-volume,Research,I'm afraid Etihad will cancel or switch my flight last minute and my pet won't be allowed in cabin,
etihad airways travel with pet,alphabet-w,1,2026-05-27,UAE (gl=ae),automated,,Oct–Apr,pending-volume,Research,I'm afraid that Etihad will cancel or change my flight last minute and my pet gets refused with no time to find another option,
etihad dog policy,alphabet-w,1,2026-05-27,UAE (gl=ae),automated,,Year-round,pending-volume,Research,I'm afraid Etihad will reject my dog last minute and I'll have no other options available in time,
Can you fly with pets on Etihad Airways?,PAA,1,2026-05-27,UAE (gl=ae),automated,,Oct–Apr,pending-volume,Research,I'm afraid Etihad will cancel or change my flight last minute and my pet gets refused with no time to fix it,
Which UAE airlines allow pets in cabin?,PAA,1,2026-05-27,UAE (gl=ae),automated,,Oct–Apr,pending-volume,Research,I'm afraid my breed will be rejected at check-in and I'll find out too late to change my plans,
How much is the Etihad pet in cabin fee?,PAA,1,2026-05-27,UAE (gl=ae),automated,,Oct–Apr,pending-volume,Research,"I'm afraid that after paying so much, Etihad will be a terrible experience and take advantage of my desperate situation",
How much does it cost to take a pet on a plane?,PAA,1,2026-05-27,UAE (gl=ae),automated,,Oct–Apr,pending-volume,Commercial,I'm afraid that airlines and relocation companies will charge an insane amount and I'll have no way to know if the price is fair,
Etihad pet in cabin price,related,1,2026-05-27,UAE (gl=ae),automated,,Oct–Apr,pending-volume,Research,"I'm afraid that after paying so much money, Etihad will deliver a terrible experience and take advantage of my desperate circumstances",
Etihad pet cargo,related,1,2026-05-27,UAE (gl=ae),automated,,Oct–Apr,pending-volume,Research,"I'm afraid Etihad will take my money, give no service, and I won't get approval until hours before takeoff",
Etihad pet travel price,related,1,2026-05-27,UAE (gl=ae),automated,,Oct–Apr,pending-volume,Research,"I'm afraid that after paying so much money, Etihad will deliver a terrible experience and take advantage of my desperate circumstances",
Etihad pet cargo prices,related,1,2026-05-27,UAE (gl=ae),automated,,Oct–Apr,pending-volume,Research,"I'm afraid that after paying so much, Etihad will be a terrible experience and squeeze out every dollar without any real care for my pet",
Etihad pet travel reddit,related,1,2026-05-27,UAE (gl=ae),automated,,Oct–Apr,pending-volume,Research,"I'm afraid that Etihad will take my money, give no service, and I'll only find out the truth from Reddit after it's too late",
Etihad pet travel contact number,related,1,2026-05-27,UAE (gl=ae),automated,,Oct–Apr,pending-volume,Research,I'm afraid I'll never get through to Etihad's pet department and receive approval only hours before my flight,
united arab emirates pet import requirements,serpapi-autocomplete,1,2026-05-27,UAE (gl=ae),automated,,Year-round,pending-volume,Informational,I'm afraid that every source says something different and I'll miss a critical requirement that gets my pet rejected at the border,
abu dhabi pet import requirements,both; serpapi-autocomplete,2,2026-05-27,UAE (gl=ae),automated,,Year-round,pending-volume,Informational,I'm afraid that I'll miss a required document or stamp and my pet will be confiscated at the airport and never given back.,
uae pet entry requirements,both; serpapi-autocomplete,2,2026-05-27,UAE (gl=ae),automated,,Year-round,pending-volume,Informational,I'm afraid that I'll miss one requirement and my pet will be taken at the airport and never given back,
uae dog entry requirements,both; serpapi-autocomplete,2,2026-05-27,UAE (gl=ae),automated,,Year-round,pending-volume,Informational,I'm afraid that I'll miss one document and my dog will be taken at the airport and never given back,
uae animal import permit,both; serpapi-autocomplete,2,2026-05-27,UAE (gl=ae),automated,,Year-round,pending-volume,Informational,I'm afraid that I'll miss a required import permit and my dog will be confiscated at the airport and never given back.,
pet import permit uae requirements,alphabet-p; prefix-can; prefix-does; prefix-how; prefix-is; prefix-what; prefix-why; prefix-will; serpapi-autocomplete,9,2026-05-27,UAE (gl=ae),automated,,Year-round,pending-volume,Informational,I'm afraid that I'll get the wrong paperwork and my pet will be confiscated at the airport and never given back,
dubai dog import requirements,alphabet-c; alphabet-f; alphabet-h; alphabet-p; prefix-can; prefix-does; prefix-how; prefix-is; prefix-why; prefix-will; serpapi-autocomplete,11,2026-05-27,UAE (gl=ae),automated,,Year-round,pending-volume,Informational,I'm afraid that I'll get the paperwork wrong and my dog will be taken at the airport and never given back,
uae import requirements,alphabet-c; alphabet-f; alphabet-h; alphabet-p; prefix-why; serpapi-autocomplete,6,2026-05-27,UAE (gl=ae),automated,,Year-round,pending-volume,Informational,I'm afraid that I'll miss a required document and my pet will be confiscated at the airport and never given back.,
uae pet import permit,alphabet-b; alphabet-c; alphabet-f; alphabet-g; alphabet-h; alphabet-j; alphabet-k; alphabet-o; alphabet-p; alphabet-q; alphabet-s; alphabet-t; alphabet-u; alphabet-v; alphabet-w; alphabet-x; alphabet-y; alphabet-z; both; serpapi-autocomplete,20,2026-05-27,UAE (gl=ae),automated,,Year-round,pending-volume,Informational,I'm afraid that I'll start the permit process too late and my dog will be taken at the airport and never given back.,
uae pet import certificate,alphabet-b; alphabet-c; alphabet-f; alphabet-g; alphabet-h; alphabet-j; alphabet-k; alphabet-o; alphabet-p; alphabet-q; alphabet-s; alphabet-t; alphabet-u; alphabet-v; alphabet-w; alphabet-x; alphabet-y; alphabet-z; serpapi-autocomplete,19,2026-05-27,UAE (gl=ae),automated,,Year-round,pending-volume,Informational,I'm afraid that my certificate will be invalid or missing a stamp and my pet will be taken at the airport and never given back.,
uae pet import requirements,google-unofficial; prefix-can; prefix-does; prefix-how; prefix-is; prefix-what; prefix-why; prefix-will,8,2026-05-27,UAE (gl=ae),automated,,Year-round,pending-volume,Informational,I'm afraid that I'll miss a document or step and my pet will be confiscated at the airport and never given back,
uae dog import requirements,google-unofficial,1,2026-05-27,UAE (gl=ae),automated,,Year-round,pending-volume,Informational,I'm afraid that I'll miss one document and my dog will be taken at the airport and never given back,
uae dog import permit,google-unofficial,1,2026-05-27,UAE (gl=ae),automated,,Year-round,pending-volume,Informational,I'm afraid that I'll get the wrong permit or miss a step and my dog will be taken at the airport and never given back.,
uae pet import form,alphabet-f,1,2026-05-27,UAE (gl=ae),automated,,Year-round,pending-volume,Informational,I'm afraid that I'll fill out the wrong form or miss a required document and my pet will be confiscated at the airport.,
uae pet import health certificate,alphabet-h,1,2026-05-27,UAE (gl=ae),automated,,Year-round,pending-volume,Informational,I'm afraid that my health certificate will be invalid because it wasn't stamped by a government authorized vet and my pet gets rejected at the border.,
uae pet export requirements,alphabet-x,1,2026-05-27,UAE (gl=ae),automated,,Year-round,pending-volume,Informational,I'm afraid that each country has unique export requirements and I'll miss something that gets my pet rejected at the border,
how to get pet import permit in philippines,prefix-how,1,2026-05-27,UAE (gl=ae),automated,,Year-round,pending-volume,Informational,I'm afraid that I'll submit the wrong paperwork and my pet gets rejected at the Philippine border with no way to fix it in time,
import pet uae,prefix-how; prefix-is,2,2026-05-27,UAE (gl=ae),automated,,Year-round,pending-volume,Informational,I'm afraid that I'll get the paperwork wrong and my pet will be confiscated at the airport and never given back,
import permit uae pets,prefix-how; prefix-is,2,2026-05-27,UAE (gl=ae),automated,,Year-round,pending-volume,Informational,I'm afraid that I'll get the wrong permit or miss a step and my pet will be confiscated at the airport and never given back.,
pet import uae,prefix-can; prefix-does; prefix-what; prefix-why,4,2026-05-27,UAE (gl=ae),automated,,Year-round,pending-volume,Informational,I'm afraid that I'll get the paperwork wrong and my pet will be taken at the airport and never given back.,
pet import permit dubai,prefix-can; prefix-does; prefix-will,3,2026-05-27,UAE (gl=ae),automated,,Year-round,pending-volume,Informational,I'm afraid that I'll get the wrong permit or miss a step and my pet will be confiscated at the airport and never given back.,
india pet import requirements,prefix-is; prefix-why; prefix-will,3,2026-05-27,UAE (gl=ae),automated,,Year-round,pending-volume,Informational,I'm afraid that I'll get the paperwork wrong and my pet will be rejected at the Indian border because every source says something different,
pet import to uae,prefix-will,1,2026-05-27,UAE (gl=ae),automated,,Year-round,pending-volume,Informational,I'm afraid that I'll miss a required document and my pet will be confiscated at the airport and never given back.,
pakistan pet import requirements,prefix-what,1,2026-05-27,UAE (gl=ae),automated,,Year-round,pending-volume,Informational,I'm afraid that every source says something different and I'll miss a required document that gets my pet rejected at the border,
Uae pet import requirements from india,related,1,2026-05-27,UAE (gl=ae),automated,,Year-round,pending-volume,Informational,I'm afraid that I'll miss a required document and my pet gets confiscated at Dubai airport and never given back,
UAE cat import permit,related,1,2026-05-27,UAE (gl=ae),automated,,Year-round,pending-volume,Informational,I'm afraid that I'll get the wrong permit or miss a step and my cat will be confiscated at the airport and never given back.,
MOCCAE pet export permit requirements,related,1,2026-05-27,UAE (gl=ae),automated,,Year-round,pending-volume,Informational,I'm afraid that I'll get the wrong paperwork or miss a step and my pet will be confiscated at the airport.,
dog quarantine dubai,alphabet-y; both; serpapi-autocomplete,3,2026-05-27,UAE (gl=ae),automated,,Year-round,pending-volume,Informational,I'm afraid that my dog will be taken and held in quarantine and I won't be able to get her back.,
animal quarantine dubai,alphabet-i; alphabet-n; alphabet-x; alphabet-y; alphabet-z; both; serpapi-autocomplete,7,2026-05-27,UAE (gl=ae),automated,,Year-round,pending-volume,Informational,I'm afraid that my pet will be taken into quarantine at the airport and I won't get them back.,
what countries require pet quarantine,alphabet-y; both; serpapi-autocomplete,3,2026-05-27,UAE (gl=ae),automated,,Year-round,pending-volume,Informational,I'm afraid that my destination requires quarantine and my pet will be locked away for months without me.,
veterinary quarantine dubai,alphabet-i; alphabet-n; alphabet-x; alphabet-y; alphabet-z; serpapi-autocomplete,6,2026-05-27,UAE (gl=ae),automated,,Year-round,pending-volume,Informational,I'm afraid that my pet will be confiscated at the airport and held in quarantine and never given back to me.,
veterinary quarantine dubai airport,alphabet-i; alphabet-n; alphabet-x; alphabet-y; alphabet-z; serpapi-autocomplete,6,2026-05-27,UAE (gl=ae),automated,,Year-round,pending-volume,Informational,I'm afraid that my dog will be taken at the airport and never given back if my documents aren't perfectly in order.,
dubai quarantine rules 2023,serpapi-autocomplete,1,2026-05-27,UAE (gl=ae),automated,,Year-round,pending-volume,Informational,I'm afraid that my pet will be held in quarantine and I won't be able to see or help them.,
pet quarantine dubai,alphabet-i; alphabet-n; alphabet-x; alphabet-y; alphabet-z; google-unofficial,6,2026-05-27,UAE (gl=ae),automated,,Year-round,pending-volume,Informational,I'm afraid that my pet will be confiscated at the airport and held in quarantine and I'll never get them back.,
dog quarantine in dubai,alphabet-i; alphabet-n; alphabet-x; alphabet-z,4,2026-05-27,UAE (gl=ae),automated,,Year-round,pending-volume,Informational,I'm afraid that my dog will be taken and held somewhere I can't see them and never given back.,
uae dog quarantine,alphabet-y,1,2026-05-27,UAE (gl=ae),automated,,Year-round,pending-volume,Informational,I'm afraid that my dog will be taken at the airport and held in quarantine and never given back to me.,
Do pets have to quarantine in Dubai?,PAA,1,2026-05-27,UAE (gl=ae),automated,,Year-round,pending-volume,Informational,I'm afraid that my pet will be taken and held somewhere for weeks and I won't be able to see them.,
How long do pets stay in quarantine?,PAA,1,2026-05-27,UAE (gl=ae),automated,,Year-round,pending-volume,Informational,I'm afraid that my pet will be stuck in quarantine for weeks and I won't be able to see or comfort them.,
Pet quarantine dubai price,related,1,2026-05-27,UAE (gl=ae),automated,,Year-round,pending-volume,Commercial,I'm afraid that quarantine fees will be shamelessly expensive and I have no way to know if what I'm being quoted is fair,
Pet quarantine dubai rules,related,1,2026-05-27,UAE (gl=ae),automated,,Year-round,pending-volume,Informational,I'm afraid that my pet will be taken and held in quarantine and I won't be able to get them back.,
Pet quarantine dubai requirements,related,1,2026-05-27,UAE (gl=ae),automated,,Year-round,pending-volume,Informational,I'm afraid that my pet will be taken and held in quarantine and I'll never get them back.,
Moccae veterinary quarantine dubai,related,1,2026-05-27,UAE (gl=ae),automated,,Year-round,pending-volume,Informational,I'm afraid that my pet will be taken at the airport and held in quarantine because my MOCCAE paperwork is wrong or missing.,
pet passport dubai cost,alphabet-c; alphabet-f; alphabet-i; alphabet-j; alphabet-m; alphabet-o; alphabet-s; alphabet-t; alphabet-w; alphabet-x; alphabet-y; alphabet-z; both; related; serpapi-autocomplete,15,2026-05-27,UAE (gl=ae),automated,,Year-round,pending-volume,Commercial,I'm afraid that I'm being charged an insane amount for a pet passport and have no way to know if the price is fair,
dog passport dubai,alphabet-y; both; serpapi-autocomplete,3,2026-05-27,UAE (gl=ae),automated,,Year-round,pending-volume,Informational,I'm afraid that I'll get the wrong document and my dog will be taken at the airport and never given back,
how to get pet passport in dubai,alphabet-c; alphabet-f; alphabet-i; alphabet-m; alphabet-s; alphabet-t; alphabet-y; both; serpapi-autocomplete,9,2026-05-27,UAE (gl=ae),automated,,Year-round,pending-volume,Informational,I'm afraid that I'll get the wrong paperwork and my pet will be rejected at the border because nobody actually knows the real requirements,
pet passport number,alphabet-y; both; serpapi-autocomplete,3,2026-05-27,UAE (gl=ae),automated,,Year-round,pending-volume,Informational,I'm afraid that my pet's passport number is wrong or missing and my documents will be rejected at the border.,
how to get a pet passport in uae,alphabet-c; alphabet-f; alphabet-i; alphabet-m; alphabet-s; alphabet-t; alphabet-y; both; serpapi-autocomplete,9,2026-05-27,UAE (gl=ae),automated,,Year-round,pending-volume,Informational,I'm afraid that I'll get the wrong paperwork and my pet will be rejected at the border because no one actually knows what's required,
pet passport dubai price,alphabet-c; alphabet-f; alphabet-i; alphabet-j; alphabet-m; alphabet-o; alphabet-s; alphabet-t; alphabet-w; alphabet-x; alphabet-y; alphabet-z; related; serpapi-autocomplete,14,2026-05-27,UAE (gl=ae),automated,,Year-round,pending-volume,Commercial,I'm afraid that I'm being quoted an insane amount for a pet passport and have no way to know if it's fair,
pet passport uae,alphabet-f; alphabet-j; alphabet-m; alphabet-o; alphabet-s; alphabet-t; alphabet-w; alphabet-x; alphabet-y; alphabet-z; serpapi-autocomplete,11,2026-05-27,UAE (gl=ae),automated,,Year-round,pending-volume,Informational,I'm afraid that I'll get the wrong paperwork and my pet will be rejected or confiscated at the airport.,
pet passport dubai,alphabet-c; alphabet-j; alphabet-m; alphabet-o; alphabet-w; alphabet-x; alphabet-y; alphabet-z; google-unofficial,9,2026-05-27,UAE (gl=ae),automated,,Year-round,pending-volume,Informational,I'm afraid that I'll get the wrong paperwork and my pet will be rejected or confiscated at the airport.,
pet passport cat passport uae,alphabet-c,1,2026-05-27,UAE (gl=ae),automated,,Year-round,pending-volume,Informational,I'm afraid that my cat's passport or microchip won't be accepted and she'll be confiscated at the airport before I can do anything.,
pet passport for dubai,alphabet-f,1,2026-05-27,UAE (gl=ae),automated,,Year-round,pending-volume,Informational,I'm afraid that my pet's passport won't be valid for Dubai and I'll find out at the airport when it's too late.,
dog passport for dubai,alphabet-f,1,2026-05-27,UAE (gl=ae),automated,,Year-round,pending-volume,Informational,I'm afraid that I'll get the wrong paperwork and my dog will be taken at the airport and never given back,
pet passport in dubai,alphabet-i,1,2026-05-27,UAE (gl=ae),automated,,Year-round,pending-volume,Informational,I'm afraid that I'll get the wrong paperwork and my pet will be rejected at the border because I didn't know what was actually required.,
dog passport in dubai,alphabet-i,1,2026-05-27,UAE (gl=ae),automated,,Year-round,pending-volume,Informational,I'm afraid that I'll get the wrong document and my dog will be taken at the airport and never given back,
pet passport in uae,alphabet-i,1,2026-05-27,UAE (gl=ae),automated,,Year-round,pending-volume,Informational,I'm afraid that I'll get the wrong paperwork and my pet will be rejected at the border because nobody actually knows what's required.,
dubai municipality pet passport,alphabet-m,1,2026-05-27,UAE (gl=ae),automated,,Year-round,pending-volume,Informational,I'm afraid that I'll get the wrong paperwork and my pet will be confiscated at the airport because I didn't know what documents were actually required,
pet passport to dubai,alphabet-s; alphabet-t,2,2026-05-27,UAE (gl=ae),automated,,Year-round,pending-volume,Informational,I'm afraid that I'll get the wrong paperwork and my pet will be taken at the airport and never given back,
how to get a pet passport dubai,prefix-how,1,2026-05-27,UAE (gl=ae),automated,,Year-round,pending-volume,Informational,I'm afraid that I'll get the wrong paperwork and my pet will be rejected at the airport because nobody actually knows what's required,
how to get pet passport in uae,prefix-how,1,2026-05-27,UAE (gl=ae),automated,,Year-round,pending-volume,Informational,I'm afraid that I'll start the paperwork too late and my pet's documents won't be ready before my move date,
dubai pet passport,prefix-how,1,2026-05-27,UAE (gl=ae),automated,,Year-round,pending-volume,Informational,I'm afraid that without the right documents my pet will be taken at the airport and never given back,
How to get a pet passport in Dubai?,PAA,1,2026-05-27,UAE (gl=ae),automated,,Year-round,pending-volume,Informational,I'm afraid that I'll get the wrong paperwork and my pet will be rejected at the border because nobody actually knows the real requirements,
Can I take my pet to Dubai from India?,PAA,1,2026-05-27,UAE (gl=ae),automated,,Oct–Apr,pending-volume,Informational,I'm afraid that I'll get the paperwork wrong and my pet will be confiscated at Dubai airport and never given back.,
How much is the pet fee on Emirates?,PAA,1,2026-05-27,UAE (gl=ae),automated,,Oct–Apr,pending-volume,Commercial,I'm afraid that Emirates will charge an insane amount and I'll find out there are hidden fees I wasn't told about.,
Pet passport dubai requirements,related,1,2026-05-27,UAE (gl=ae),automated,,Year-round,pending-volume,Informational,I'm afraid that I'll get the wrong paperwork and my pet will be rejected or confiscated at the airport,
Cat passport UAE price,related,1,2026-05-27,UAE (gl=ae),automated,,Year-round,pending-volume,Commercial,I'm afraid that I'm being quoted an insane amount for a simple document and have no way to know if the price is fair,
UAE pet passport,related,1,2026-05-27,UAE (gl=ae),automated,,Year-round,pending-volume,Informational,I'm afraid that without the right documents my pet will be taken at the airport and never given back,
Cat passport price,related,1,2026-05-27,UAE (gl=ae),automated,,Year-round,pending-volume,Commercial,I'm afraid that I'm being charged an insane amount for basic paperwork and have no way to know if the price is fair.,
Cat passport Dubai,related,1,2026-05-27,UAE (gl=ae),automated,,Year-round,pending-volume,Informational,I'm afraid that I'll get the wrong document and my cat will be rejected at the airport because of missing or invalid paperwork.,
Pet passport Abu Dhabi,related,1,2026-05-27,UAE (gl=ae),automated,,Year-round,pending-volume,Informational,I'm afraid that the wrong paperwork or missing stamp will get my pet rejected at the border and taken away.,
